-- MySQL dump 10.13  Distrib 8.0.33, for Win64 (x86_64)
--
-- Host: localhost    Database: virus_manage
-- ------------------------------------------------------
-- Server version	8.0.33

/*!40101 SET @OLD_CHARACTER_SET_CLIENT=@@CHARACTER_SET_CLIENT */;
/*!40101 SET @OLD_CHARACTER_SET_RESULTS=@@CHARACTER_SET_RESULTS */;
/*!40101 SET @OLD_COLLATION_CONNECTION=@@COLLATION_CONNECTION */;
/*!50503 SET NAMES utf8 */;
/*!40103 SET @OLD_TIME_ZONE=@@TIME_ZONE */;
/*!40103 SET TIME_ZONE='+00:00' */;
/*!40014 SET @OLD_UNIQUE_CHECKS=@@UNIQUE_CHECKS, UNIQUE_CHECKS=0 */;
/*!40014 SET @OLD_FOREIGN_KEY_CHECKS=@@FOREIGN_KEY_CHECKS, FOREIGN_KEY_CHECKS=0 */;
/*!40101 SET @OLD_SQL_MODE=@@SQL_MODE, SQL_MODE='NO_AUTO_VALUE_ON_ZERO' */;
/*!40111 SET @OLD_SQL_NOTES=@@SQL_NOTES, SQL_NOTES=0 */;


DROP DATABASE IF EXISTS virus_manage;
CREATE DATABASE IF NOT EXISTS virus_manage;
USE virus_manage;


--
-- Table structure for table `cases`
--

DROP TABLE IF EXISTS `cases`;
/*!40101 SET @saved_cs_client     = @@character_set_client */;
/*!50503 SET character_set_client = utf8mb4 */;
CREATE TABLE `cases` (
  `case_id` int NOT NULL,
  `virus_id` int NOT NULL,
  `country_id` int NOT NULL,
  `case_count` int NOT NULL,
  PRIMARY KEY (`case_id`),
  KEY `virus_id` (`virus_id`),
  KEY `country_id` (`country_id`),
  CONSTRAINT `cases_ibfk_1` FOREIGN KEY (`virus_id`) REFERENCES `viruses` (`virus_id`),
  CONSTRAINT `cases_ibfk_2` FOREIGN KEY (`country_id`) REFERENCES `countries` (`country_id`)
) ENGINE=InnoDB DEFAULT CHARSET=utf8mb4 COLLATE=utf8mb4_0900_ai_ci;
/*!40101 SET character_set_client = @saved_cs_client */;

--
-- Dumping data for table `cases`
--

LOCK TABLES `cases` WRITE;
/*!40000 ALTER TABLE `cases` DISABLE KEYS */;
INSERT INTO `cases` VALUES (1,1,1,507904),(2,1,2,122881),(3,1,3,188418),(4,1,4,663556),(5,1,5,294919),(6,1,6,16394),(7,1,7,409611),(8,1,8,942092),(9,1,9,40975),(10,1,10,704527),(11,1,11,548881),(12,1,12,892947),(13,1,13,598036),(14,1,14,303126),(15,1,15,827414),(16,1,16,393241),(17,1,17,925724),(18,1,18,966686),(19,1,19,393251),(20,1,20,114726),(21,1,21,106536),(22,1,22,401453),(23,1,23,950318),(24,1,24,106543),(25,1,25,221232),(26,1,26,737325),(27,1,27,901165),(28,1,28,65587),(29,1,29,303153),(30,1,30,262197),(31,1,31,565302),(32,1,32,98360),(33,1,33,974905),(34,1,34,131133),(35,1,35,188478),(36,1,36,278597),(37,1,37,180297),(38,1,38,65610),(39,1,39,16460),(40,1,40,843853),(41,1,41,114773),(42,1,42,696408),(43,1,43,671835),(44,1,44,901214),(45,1,45,516195),(46,1,46,745572),(47,1,47,901224),(48,1,48,933993),(49,1,49,65643),(50,1,50,155757),(51,1,51,647279),(52,1,52,942192),(53,1,53,303217),(54,1,54,90227),(55,1,55,499828),(56,1,56,671863),(57,1,57,442487),(58,1,58,57465),(59,1,59,131192),(61,1,61,745596),(62,1,62,753789),(63,1,63,639102),(64,1,64,974974),(65,1,65,811131),(66,1,66,278654),(67,1,67,745602),(68,1,68,499842),(69,1,69,24710),(70,1,70,458889),(71,1,71,65678),(72,1,72,639118),(73,1,73,704656),(74,1,74,540817),(75,1,75,41108),(76,1,76,934038),(77,1,77,581783),(78,1,78,442519),(79,1,79,352407),(80,1,80,270491),(81,1,81,958620),(82,1,82,8348),(83,1,83,286885),(84,1,84,991397),(85,1,85,745639),(86,1,86,24748),(87,1,87,204975),(88,1,88,925873),(89,1,89,147634),(90,1,90,278706),(91,1,91,368823),(92,1,92,16568),(93,1,93,393404),(94,1,94,278722),(95,1,95,630980),(96,1,96,655556),(97,1,97,508102),(98,1,98,311495),(99,1,99,557258),(100,1,100,467147),(101,1,101,409804),(102,1,102,360653),(103,1,103,139466),(104,1,104,671953),(105,1,105,516305),(106,1,106,925907),(107,1,107,385236),(108,1,108,205011),(109,1,109,418006),(110,1,110,221399),(111,1,111,73944),(112,1,112,663769),(113,1,113,254170),(114,1,114,319717),(115,1,115,106726),(116,1,116,704747),(117,1,117,622828),(118,1,118,98539),(119,1,119,352495),(120,1,120,876783),(121,1,121,860399),(122,1,122,827635),(123,1,123,131316),(124,1,124,262389),(125,1,125,704757),(126,1,126,172276),(127,1,127,434427),(128,1,128,385276),(129,1,129,246012),(130,1,130,499965),(131,1,131,286976),(132,1,132,418049),(133,1,133,139522),(134,1,134,164104),(135,1,135,319752),(136,1,136,409866),(137,1,137,254218),(138,1,138,852234),(139,1,139,622862),(140,1,140,221454),(141,1,141,57615),(142,1,142,893198),(143,1,143,950548),(144,1,144,286997),(145,1,145,999701),(146,1,146,835866),(147,1,147,147738),(148,1,148,434460),(149,1,149,327964),(150,1,150,557342),(151,1,151,639262),(152,1,152,262432),(153,1,153,614688),(154,1,154,925986),(155,1,155,540963),(156,1,156,24867),(157,1,157,319775),(158,1,158,459046),(159,1,159,565543),(160,1,160,712999),(161,1,161,196905),(162,1,162,721192),(163,1,163,581931),(164,1,164,524584),(165,1,165,147751),(166,1,166,852273),(167,1,167,581938),(168,1,168,139571),(169,1,169,770356),(170,1,170,516407),(171,1,171,65848),(172,1,172,319804),(173,1,173,164157),(174,1,174,33085),(175,1,175,975166),(176,1,176,131392),(177,1,177,57667),(178,1,178,975173),(179,1,179,246086),(180,1,180,213317),(181,1,181,622920),(182,1,182,745800),(183,1,183,762188),(184,2,1,729422),(185,2,2,319828),(186,2,3,106839),(187,2,4,663897),(188,2,5,999774),(189,2,6,442726),(190,2,7,835944),(191,2,8,999785),(192,2,9,819561),(193,2,10,614769),(194,2,11,311666),(195,2,12,172403),(196,2,13,164210),(197,2,14,409973),(198,2,15,622966),(199,2,16,696695),(200,2,17,713076),(201,2,18,582009),(202,2,19,421785),(203,2,20,721275),(204,2,21,16763),(205,2,22,74107),(206,2,23,565630),(207,2,24,123265),(208,2,25,967043),(209,2,26,745859),(210,2,27,844166),(211,2,28,778631),(212,2,29,934281),(213,2,30,795018),(214,2,31,909707),(215,2,32,188813),(216,2,33,835982),(217,2,34,852368),(218,2,35,557458),(219,2,36,737685),(220,2,37,385430),(221,2,38,696732),(222,2,39,49567),(223,2,40,582048),(224,2,41,950690),(225,2,42,24994),(226,2,43,663971),(227,2,44,500133),(228,2,45,762278),(229,2,46,74148),(230,2,47,909735),(231,2,48,688557),(232,2,49,950704),(233,2,50,278961),(234,2,51,221616),(235,2,52,57779),(236,2,53,295348),(237,2,54,967093),(238,2,55,909749),(239,2,56,549307),(240,2,57,393660),(241,2,58,836031),(242,2,59,573889),(244,2,61,115140),(245,2,62,41421),(246,2,63,598478),(247,2,64,451026),(248,2,65,319959),(249,2,66,205271),(250,2,67,549338),(251,2,68,254427),(252,2,69,25052),(253,2,70,82395),(254,2,71,492001),(255,2,72,25059),(256,2,73,958949),(257,2,74,33253),(258,2,75,672229),(259,2,76,696809),(260,2,77,344558),(261,2,78,492018),(262,2,79,459251),(263,2,80,860662),(264,2,81,688631),(265,2,82,164346),(266,2,83,410106),(267,2,84,262652),(268,2,85,188924),(269,2,86,8702),(270,2,87,418303),(271,2,88,115200),(272,2,89,336385),(273,2,90,328194),(274,2,91,164355),(275,2,92,680446),(276,2,93,745987),(277,2,94,41479),(278,2,95,328202),(279,2,96,131596),(280,2,97,25101),(281,2,98,918032),(282,2,99,983569),(283,2,100,729618),(284,2,101,164372),(285,2,102,164373),(286,2,103,197142),(287,2,104,131608),(288,2,105,287256),(289,2,106,647712),(290,2,107,959012),(291,2,108,66086),(292,2,109,361003),(293,2,110,426541),(294,2,111,107056),(295,2,112,639536),(296,2,113,680499),(297,2,114,664119),(298,2,115,516666),(299,2,116,172603),(300,2,117,156218),(301,2,118,639552),(302,2,119,131649),(303,2,120,90690),(304,2,121,344642),(305,2,122,279104),(306,2,123,680521),(307,2,124,934473),(308,2,125,49740),(309,2,126,836177),(310,2,127,8786),(311,2,128,57937),(312,2,129,303703),(313,2,130,115290),(314,2,131,459355),(315,2,132,942684),(316,2,133,557661),(317,2,134,442977),(318,2,135,664162),(319,2,136,123492),(320,2,137,238180),(321,2,138,492135),(322,2,139,262759),(323,2,140,459371),(324,2,141,598636),(325,2,142,623214),(326,2,143,74351),(327,2,144,868974),(328,2,145,418417),(329,2,146,230004),(330,2,147,664180),(331,2,148,868982),(332,2,149,148087),(333,2,150,33403),(334,2,151,213629),(335,2,152,115325),(336,2,153,967295),(337,2,154,967297),(338,2,155,246402),(339,2,156,647810),(340,2,157,860805),(341,2,158,74374),(342,2,159,524934),(343,2,160,639623),(344,2,161,57993),(345,2,162,148106),(346,2,163,344716),(347,2,164,541325),(348,2,165,270990),(349,2,166,524947),(350,2,167,426646),(351,2,168,549531),(352,2,169,418459),(353,2,170,664221),(354,2,171,713374),(355,2,172,852643),(356,2,173,25255),(357,2,174,164520),(358,2,175,484010),(359,2,176,287404),(360,2,177,172717),(361,2,178,639661),(362,2,179,434863),(363,2,180,279216),(364,2,181,729780),(365,2,182,762550),(366,2,183,983734),(367,3,1,172735),(368,3,2,590527),(369,3,3,484035),(370,3,4,885445),(371,3,5,590534),(372,3,6,795333),(373,3,7,451271),(374,3,8,615114),(375,3,9,533195),(376,3,10,647885),(377,3,11,328398),(378,3,12,492239),(379,3,13,828111),(380,3,14,172754),(381,3,15,877267),(382,3,16,819923),(383,3,17,991955),(384,3,18,467666),(385,3,19,795355),(386,3,20,344796),(387,3,21,369374),(388,3,22,369375),(389,3,23,533215),(390,3,24,770786),(391,3,25,295653),(392,3,26,500455),(393,3,27,893671),(394,3,28,901867),(395,3,29,443122),(396,3,30,262899),(397,3,31,934644),(398,3,32,738036),(399,3,33,451319),(400,3,34,525049),(401,3,35,336637),(402,3,36,410365),(403,3,37,500478),(404,3,38,983810),(405,3,39,631556),(406,3,40,377605),(407,3,41,361223),(408,3,42,8972),(409,3,43,647949),(410,3,44,49932),(411,3,45,336655),(412,3,46,901903),(413,3,47,443153),(414,3,48,353046),(415,3,49,230170),(416,3,50,492316),(417,3,51,475933),(418,3,52,574240),(419,3,53,836385),(420,3,54,475936),(421,3,55,918307),(422,3,56,516900),(423,3,57,41764),(424,3,58,942887),(425,3,59,697129),(427,3,61,475948),(428,3,62,582447),(429,3,63,738096),(430,3,64,271154),(431,3,65,762675),(432,3,66,82739),(433,3,67,746293),(434,3,68,238392),(435,3,69,475960),(436,3,70,779067),(437,3,71,74556),(438,3,72,959293),(439,3,73,688956),(440,3,74,811841),(441,3,75,951107),(442,3,76,90948),(443,3,77,844613),(444,3,78,435014),(445,3,79,959301),(446,3,80,983878),(447,3,81,131910),(448,3,82,254787),(449,3,83,172875),(450,3,84,361292),(451,3,85,967502),(452,3,86,836431),(453,3,87,410448),(454,3,88,369489),(455,3,89,189266),(456,3,90,992078),(457,3,91,484178),(458,3,92,926542),(459,3,93,779092),(460,3,94,770904),(461,3,95,713562),(462,3,96,590684),(463,3,97,41820),(464,3,98,189276),(465,3,99,852829),(466,3,100,254816),(467,3,101,402273),(468,3,102,885600),(469,3,103,443235),(470,3,104,336734),(471,3,105,901985),(472,3,106,295782),(473,3,107,435049),(474,3,108,549741),(475,3,109,369517),(476,3,110,656241),(477,3,111,90993),(478,3,112,689009),(479,3,113,222069),(480,3,114,41847),(481,3,115,836472),(482,3,116,951161),(483,3,117,590711),(484,3,118,459641),(485,3,119,525183),(486,3,120,869247),(487,3,121,664449),(488,3,122,304002),(489,3,123,181125),(490,3,124,738182),(491,3,125,639882),(492,3,126,779147),(493,3,127,582544),(494,3,128,680848),(495,3,129,443285),(496,3,130,58261),(497,3,131,287640),(498,3,132,312218),(499,3,133,9117),(500,3,134,189347),(501,3,135,238502),(502,3,136,33705),(503,3,137,549803),(504,3,138,435120),(505,3,139,525233),(506,3,140,17330),(507,3,141,33715),(508,3,142,271282),(509,3,143,484277),(510,3,144,967603),(511,3,145,508852),(512,3,146,885681),(513,3,147,803769),(514,3,148,320445),(515,3,149,107453),(516,3,150,508865),(517,3,151,123843),(518,3,152,664518),(519,3,153,173003),(520,3,154,484299),(521,3,155,263117),(522,3,156,246734),(523,3,157,820178),(524,3,158,205780),(525,3,159,730068),(526,3,160,852951),(527,3,161,672728),(528,3,162,762844),(529,3,163,222173),(530,3,164,951265),(531,3,165,861154),(532,3,166,672739),(533,3,167,721891),(534,3,168,459749),(535,3,169,754662),(536,3,170,353256),(537,3,171,361450),(538,3,172,484335),(539,3,173,459759),(540,3,174,525300),(541,3,175,369655),(542,3,176,623607),(543,3,177,254969),(544,3,178,500728),(545,3,179,279548),(546,3,180,295938),(547,3,181,623619),(548,3,182,189444),(549,3,183,549893),(550,4,1,869379),(551,4,2,951299),(552,4,3,918537),(553,4,4,50186),(554,4,5,762891),(555,4,6,844812),(556,4,7,33802),(557,4,8,803854),(558,4,9,517131),(559,4,10,721936),(560,4,11,549906),(561,4,12,623635),(562,4,13,631828),(563,4,14,861209),(564,4,15,279581),(565,4,16,828447),(566,4,17,435232),(567,4,18,541731),(568,4,19,787492),(569,4,20,746533),(570,4,21,648227),(571,4,22,173095),(572,4,23,435235),(573,4,24,812074),(574,4,25,590894),(575,4,26,689199),(576,4,27,369712),(577,4,28,869423),(578,4,29,787506),(579,4,30,877619),(580,4,31,672818),(581,4,32,492593),(582,4,33,943158),(583,4,34,525359),(584,4,35,746552),(585,4,36,926778),(586,4,37,91200),(587,4,38,394306),(588,4,39,140355),(589,4,40,640075),(590,4,41,771151),(591,4,42,902228),(592,4,43,681045),(593,4,44,386133),(594,4,45,672855),(595,4,46,853078),(596,4,47,246873),(597,4,48,222300),(598,4,49,771165),(599,4,50,42079),(600,4,51,697439),(601,4,52,443490),(602,4,53,877668),(603,4,54,959589),(604,4,55,787558),(605,4,56,877670),(606,4,57,779369),(607,4,58,697449),(608,4,59,386157),(610,4,61,484464),(611,4,62,173169),(612,4,63,820336),(613,4,64,812144),(614,4,65,984180),(615,4,66,713848),(616,4,67,255098),(617,4,68,50299),(618,4,69,328828),(619,4,70,918650),(620,4,71,443519),(621,4,72,599167),(622,4,73,468097),(623,4,74,656516),(624,4,75,672901),(625,4,76,91270),(626,4,77,509066),(627,4,78,435340),(628,4,79,296077),(629,4,80,156814),(630,4,81,500879),(631,4,82,803984),(632,4,83,541841),(633,4,84,703624),(634,4,85,713875),(635,4,86,238739),(636,4,87,943247),(637,4,88,386198),(638,4,89,410777),(639,4,90,795801),(640,4,91,640155),(641,4,92,517276),(642,4,93,443550),(643,4,94,279710),(644,4,95,320671),(645,4,96,115874),(646,4,97,648355),(647,4,98,812195),(648,4,99,205989),(649,4,100,681125),(650,4,101,689319),(651,4,102,115879),(652,4,103,345260),(653,4,104,959669),(654,4,105,263349),(655,4,106,492727),(656,4,107,795832),(657,4,108,328889),(658,4,109,967868),(659,4,110,779453),(660,4,111,74942),(661,4,112,58559),(662,4,113,820416),(663,4,114,558272),(664,4,115,459967),(665,4,116,812225),(666,4,117,894147),(667,4,118,42181),(668,4,119,697542),(669,4,120,107719),(670,4,121,287942),(671,4,122,427200),(672,4,123,746701),(673,4,124,664787),(674,4,125,500947),(675,4,126,943316),(676,4,127,509142),(677,4,128,484567),(678,4,129,99544),(679,4,130,303096),(680,4,131,500954),(681,4,132,50395),(682,4,133,345312),(683,4,134,369890),(684,4,135,853220),(685,4,136,1256),(686,4,137,460009),(687,4,138,902378),(688,4,139,304363),(689,4,140,197866),(690,4,141,984301),(691,4,142,427248),(692,4,143,148723),(693,4,144,451827),(694,4,145,673013),(695,4,146,648438),(696,4,147,664822),(697,4,148,967925),(698,4,149,713975),(699,4,150,959738),(700,4,151,58619),(701,4,152,140540),(702,4,153,132349),(703,4,154,853251),(704,4,155,296195),(705,4,156,533763),(706,4,157,247047),(707,4,158,697608),(708,4,159,255245),(709,4,160,550158),(710,4,161,50447),(711,4,162,83214),(712,4,163,910609),(713,4,164,902419),(714,4,165,525589),(715,4,166,877845),(716,4,167,214298),(717,4,168,410906),(718,4,169,42268),(719,4,170,288029),(720,4,171,140573),(721,4,172,902431),(722,4,173,214306),(723,4,174,984362),(724,4,175,312618),(725,4,176,951594),(726,4,177,255279),(727,4,178,91440),(728,4,179,754993),(729,4,180,107829),(730,4,181,206136),(731,4,182,681275),(732,4,183,705852),(733,5,1,435517),(734,5,2,148798),(735,5,3,58686),(736,5,4,795964),(737,5,5,632130),(738,5,6,181570),(739,5,7,353604),(740,5,8,820549),(741,5,9,337223),(742,5,10,714056),(743,5,11,640329),(744,5,12,968009),(745,5,13,812363),(746,5,14,820557),(747,5,15,288078),(748,5,16,730445),(749,5,17,247121),(750,5,18,804178),(751,5,19,812370),(752,5,20,976212),(753,5,21,238938),(754,5,22,861531),(755,5,23,681310),(756,5,24,140639),(757,5,25,492897),(758,5,26,402788),(759,5,27,861541),(760,5,28,197989),(761,5,29,664932),(762,5,30,296297),(763,5,31,664938),(764,5,32,476523),(765,5,33,443757),(766,5,34,116077),(767,5,35,222575),(768,5,36,902519),(769,5,37,189817),(770,5,38,66943),(771,5,39,968066),(772,5,40,75144),(773,5,41,320905),(774,5,42,435595),(775,5,43,910732),(776,5,44,263564),(777,5,45,198029),(778,5,46,263569),(779,5,47,394642),(780,5,48,460178),(781,5,49,443793),(782,5,50,632210),(783,5,51,173457),(784,5,52,58775),(785,5,53,148885),(786,5,54,877980),(787,5,55,845212),(788,5,56,837022),(789,5,57,566686),(790,5,58,959902),(791,5,59,943523),(793,5,61,525732),(794,5,62,255395),(795,5,63,779688),(796,5,64,763305),(797,5,65,91564),(798,5,66,804271),(799,5,67,1456),(800,5,68,394673),(801,5,69,632242),(802,5,70,329138),(803,5,71,329140),(804,5,72,427445),(805,5,73,804278),(806,5,74,845240),(807,5,75,206265),(808,5,76,722364),(809,5,77,943548),(810,5,78,476605),(811,5,79,247231),(812,5,80,566718),(813,5,81,9660),(814,5,82,75202),(815,5,83,927171),(816,5,84,173508),(817,5,85,509382),(818,5,86,83398),(819,5,87,787916),(820,5,88,681421),(821,5,89,378318),(822,5,90,591311),(823,5,91,99789),(824,5,92,787920),(825,5,93,441544),(826,5,94,722387),(827,5,95,566740),(828,5,96,738773),(829,5,97,140756),(830,5,98,558549),(831,5,99,26072),(832,5,100,148957),(833,5,101,1504),(834,5,102,17890),(835,5,103,58852),(836,5,104,992741),(837,5,105,509416),(838,5,106,296426),(839,5,107,443884),(840,5,108,476654),(841,5,109,738799),(842,5,110,484847),(843,5,111,230897),(844,5,112,484846),(845,5,113,525815),(846,5,114,992761),(847,5,115,386554),(848,5,116,845308),(849,5,117,214526),(850,5,118,304639),(851,5,119,312832),(852,5,120,402945),(853,5,121,935428),(854,5,122,665092),(855,5,123,509446),(856,5,124,443911),(857,5,125,632330),(858,5,126,837130),(859,5,127,230924),(860,5,128,632331),(861,5,129,361995),(862,5,130,935441),(863,5,131,591378),(864,5,132,419345),(865,5,133,550424),(866,5,134,452121),(867,5,135,927257),(868,5,136,157208),(869,5,137,427550),(870,5,138,697889),(871,5,139,91684),(872,5,140,34341),(873,5,141,108073),(874,5,142,476714),(875,5,143,58923),(876,5,144,722477),(877,5,145,656945),(878,5,146,591409),(879,5,147,763441),(880,5,148,607794),(881,5,149,329270),(882,5,150,165431),(883,5,151,99895),(884,5,152,869953),(885,5,153,747074),(886,5,154,288323),(887,5,155,353859),(888,5,156,476741),(889,5,157,296517),(890,5,158,886342),(891,5,159,509518),(892,5,160,435791),(893,5,161,190030),(894,5,162,312914),(895,5,163,902739),(896,5,164,435796),(897,5,165,525907),(898,5,166,50776),(899,5,167,681562),(900,5,168,304731),(901,5,169,263778),(902,5,170,271971),(903,5,171,984679),(904,5,172,231016),(905,5,173,116329),(906,5,174,386666),(907,5,175,910953),(908,5,176,747113),(909,5,177,99949),(910,5,178,288366),(911,5,179,706158),(912,5,180,714351),(913,5,181,607855),(914,5,182,599668),(915,5,183,165493),(916,6,1,640634),(917,6,2,378494),(918,6,3,657025),(919,6,4,697986),(920,6,5,681605),(921,6,6,984709),(922,6,7,386704),(923,6,8,976529),(924,6,9,960147),(925,6,10,698005),(926,6,11,886426),(927,6,12,894626),(928,6,13,304807),(929,6,14,575144),(930,6,15,738994),(931,6,16,886450),(932,6,17,927413),(933,6,18,771768),(934,6,19,108218),(935,6,20,550587),(936,6,21,206524),(937,6,22,755390),(938,6,23,911040),(939,6,24,173761),(940,6,25,427716),(941,6,26,739013),(942,6,27,272069),(943,6,28,149191),(944,6,29,124618),(945,6,30,566989),(946,6,31,272077),(947,6,32,714450),(948,6,33,739026),(949,6,34,534229),(950,6,35,755414),(951,6,36,411353),(952,6,37,427738),(953,6,38,992988),(954,6,39,141020),(955,6,40,444128),(956,6,41,157411),(957,6,42,992996),(958,6,43,124644),(959,6,44,378598),(960,6,45,239334),(961,6,46,255718),(962,6,47,173801),(963,6,48,747242),(964,6,49,632555),(965,6,50,206572),(966,6,51,976614),(967,6,52,861935),(968,6,53,247536),(969,6,54,542448),(970,6,55,165615),(971,6,56,952050),(972,6,57,354036),(973,6,58,59119),(974,6,59,468725),(976,6,61,927480),(977,6,62,730874),(978,6,63,452347),(979,6,64,763644),(980,6,65,378620),(981,6,66,993022),(982,6,67,280318),(983,6,68,927488),(984,6,69,206593),(985,6,70,313090),(986,6,71,83715),(987,6,72,419588),(988,6,73,927496),(989,6,74,9998),(990,6,75,247567),(991,6,76,616208),(992,6,77,280337),(993,6,78,730898),(994,6,79,698227),(995,6,80,272148),(996,6,81,870168),(997,6,82,165658),(998,6,83,821020),(999,6,84,509726),(1000,6,85,370462),(1001,6,86,288544),(1002,6,87,526113),(1003,6,88,132900),(1004,6,89,616229),(1005,6,90,763689),(1006,6,91,1835),(1007,6,92,730924),(1008,6,93,780077),(1009,6,94,771886),(1010,6,95,34605),(1011,6,96,640813),(1012,6,97,845618),(1013,6,98,796468),(1014,6,99,780086),(1015,6,100,403255),(1016,6,101,804664),(1017,6,102,198457),(1018,6,103,681789),(1019,6,104,42814),(1020,6,105,321341),(1021,6,106,386881),(1022,6,107,91969),(1023,6,108,952131),(1024,6,109,943938),(1025,6,110,739141),(1026,6,111,911175),(1027,6,112,403272),(1028,6,113,419658),(1029,6,114,829259),(1030,6,115,182092),(1031,6,116,206667),(1032,6,117,902991),(1033,6,118,911185),(1034,6,119,436055),(1035,6,120,993117),(1036,6,121,460637),(1037,6,122,968541),(1038,6,123,116577),(1039,6,124,714602),(1040,6,125,59243),(1041,6,126,640877),(1042,6,127,845678),(1043,6,128,567150),(1044,6,129,182126),(1045,6,130,403313),(1046,6,131,436082),(1047,6,132,485235),(1048,6,133,771954),(1049,6,134,935797),(1050,6,135,518006),(1051,6,136,362353),(1052,6,137,911221),(1053,6,138,182135),(1054,6,139,313205),(1055,6,140,657275),(1056,6,141,771964),(1057,6,142,10107),(1058,6,143,733082),(1059,6,144,444291),(1060,6,145,173956),(1061,6,146,993157),(1062,6,147,952196),(1063,6,148,714630),(1064,6,149,403331),(1065,6,150,42889),(1066,6,151,518027),(1067,6,152,255884),(1068,6,153,108428),(1069,6,154,567183),(1070,6,155,583568),(1071,6,156,804753),(1072,6,157,919444),(1073,6,158,395157),(1074,6,159,247705),(1075,6,160,984986),(1076,6,161,10139),(1077,6,162,280476),(1078,6,163,862108),(1079,6,164,649116),(1080,6,165,313247),(1081,6,166,550816),(1082,6,167,280480),(1083,6,168,370594),(1084,6,169,34722),(1085,6,170,894884),(1086,6,171,624548),(1087,6,172,346020),(1088,6,173,296876),(1089,6,174,436141),(1090,6,175,509871),(1091,6,176,870319),(1092,6,177,608180),(1093,6,178,34744),(1094,6,179,870329),(1095,6,180,714682),(1096,6,181,550843),(1097,6,182,690108),(1098,6,183,362424),(1099,7,1,411579),(1100,7,2,403392),(1101,7,3,690114),(1102,7,4,100291),(1103,7,5,42946),(1104,7,6,100293),(1105,7,7,714692),(1106,7,8,968648),(1107,7,9,772042),(1108,7,10,698316),(1109,7,11,845775),(1110,7,12,837584),(1111,7,13,731088),(1112,7,14,165841),(1113,7,15,34772),(1114,7,16,878550),(1115,7,17,772055),(1116,7,18,952279),(1117,7,19,509913),(1118,7,20,337882),(1119,7,21,477145),(1120,7,22,206813),(1121,7,23,640990),(1122,7,24,747485),(1123,7,25,690145),(1124,7,26,198626),(1125,7,27,239587),(1126,7,28,714721),(1127,7,29,985061),(1128,7,30,796647),(1129,7,31,51182),(1130,7,32,18415),(1131,7,33,542706),(1132,7,34,10227),(1133,7,35,133107),(1134,7,36,133112),(1135,7,37,575481),(1136,7,38,75770),(1137,7,39,280573),(1138,7,40,59393),(1139,7,41,501762),(1140,7,42,387076),(1141,7,43,116742),(1142,7,44,550920),(1143,7,45,83979),(1144,7,46,469005),(1145,7,47,231437),(1146,7,48,444431),(1147,7,49,616464),(1148,7,50,387093),(1149,7,51,436248),(1150,7,52,862233),(1151,7,53,739354),(1152,7,54,911389),(1153,7,55,411680),(1154,7,56,813089),(1155,7,57,739362),(1156,7,58,231459),(1157,7,59,428068),(1159,7,61,501798),(1160,7,62,124968),(1161,7,63,43052),(1162,7,64,387117),(1163,7,65,682032),(1164,7,66,641073),(1165,7,67,247861),(1166,7,68,591929),(1167,7,69,428092),(1168,7,70,403519),(1169,7,71,460867),(1170,7,72,878665),(1171,7,73,911434),(1172,7,74,501837),(1173,7,75,960592),(1174,7,76,919634),(1175,7,77,600149),(1176,7,78,821334),(1177,7,79,788567),(1178,7,80,149591),(1179,7,81,632921),(1180,7,82,772186),(1181,7,83,936025),(1182,7,84,215132),(1183,7,85,870493),(1184,7,86,968798),(1185,7,87,84056),(1186,7,88,313440),(1187,7,89,67681),(1188,7,90,927844),(1189,7,91,149612),(1190,7,92,395375),(1191,7,93,485488),(1192,7,94,551025),(1193,7,95,485490),(1194,7,96,944243),(1195,7,97,469109),(1196,7,98,665720),(1197,7,99,993401),(1198,7,100,534650),(1199,7,101,952440),(1200,7,102,436348),(1201,7,103,493695),(1202,7,104,198787),(1203,7,105,936068),(1204,7,106,641157),(1205,7,107,747653),(1206,7,108,788615),(1207,7,109,657550),(1208,7,110,903321),(1209,7,111,2202),(1210,7,112,92315),(1211,7,113,100507),(1212,7,114,690337),(1213,7,115,444579),(1214,7,116,665764),(1215,7,117,919716),(1216,7,118,977059),(1217,7,119,182440),(1218,7,120,362665),(1219,7,121,919722),(1220,7,122,51377),(1221,7,123,895155),(1222,7,124,133304),(1223,7,125,665794),(1224,7,126,739525),(1225,7,127,739526),(1226,7,128,387270),(1227,7,129,936138),(1228,7,130,198859),(1229,7,131,297164),(1230,7,132,526540),(1231,7,133,215246),(1232,7,134,403663),(1233,7,135,207055),(1234,7,136,854223),(1235,7,137,878802),(1236,7,138,616658),(1237,7,139,411859),(1238,7,140,67796),(1239,7,141,633046),(1240,7,142,362708),(1241,7,143,944344),(1242,7,144,649431),(1243,7,145,321754),(1244,7,146,567515),(1245,7,147,559329),(1246,7,148,788706),(1247,7,149,452834),(1248,7,150,870628),(1249,7,151,313573),(1250,7,152,288996),(1251,7,153,657641),(1252,7,154,485610),(1253,7,155,346346),(1254,7,156,477420),(1255,7,157,788717),(1256,7,158,895214),(1257,7,159,788720),(1258,7,160,141552),(1259,7,161,567536),(1260,7,162,977146),(1261,7,163,780539),(1262,7,164,968956),(1263,7,165,796926),(1264,7,166,485631),(1265,7,167,84222),(1266,7,168,256263),(1267,7,169,764168),(1268,7,170,788748),(1269,7,171,297233),(1270,7,172,813330),(1271,7,173,493845),(1272,7,174,35095),(1273,7,175,477464),(1274,7,176,854297),(1275,7,177,977178),(1276,7,178,747803),(1277,7,179,846107),(1278,7,180,100639),(1279,7,181,428323),(1280,7,182,657701),(1281,7,183,157990),(1282,8,1,510247),(1283,8,2,207146),(1284,8,3,59695),(1285,8,4,723251),(1286,8,5,911668),(1287,8,6,248117),(1288,8,7,477502),(1289,8,8,461119),(1290,8,9,788800),(1291,8,10,59711),(1292,8,11,919876),(1293,8,12,190792),(1294,8,13,534857),(1295,8,14,813387),(1296,8,15,772427),(1297,8,16,26959),(1298,8,17,182609),(1299,8,18,723282),(1300,8,19,403795),(1301,8,20,534868),(1302,8,21,461150),(1303,8,22,2398),(1304,8,23,911715),(1305,8,24,993636),(1306,8,25,952677),(1307,8,26,985446),(1308,8,27,76132),(1309,8,28,371048),(1310,8,29,657764),(1311,8,30,633195),(1312,8,31,665964),(1313,8,32,739695),(1314,8,33,26991),(1315,8,34,141681),(1316,8,35,543087),(1317,8,36,903536),(1318,8,37,100719),(1319,8,38,43381),(1320,8,39,141680),(1321,8,40,477559),(1322,8,41,493944),(1323,8,42,805239),(1324,8,43,772466),(1325,8,44,354683),(1326,8,45,518524),(1327,8,46,305529),(1328,8,47,764289),(1329,8,48,887174),(1330,8,49,854407),(1331,8,50,952717),(1332,8,51,84367),(1333,8,52,649616),(1334,8,53,362899),(1335,8,54,387486),(1336,8,55,797086),(1337,8,56,690592),(1338,8,57,616866),(1339,8,58,739748),(1340,8,59,952741),(1342,8,61,649641),(1343,8,62,428458),(1344,8,63,600491),(1345,8,64,371114),(1346,8,65,780715),(1347,8,66,133548),(1348,8,67,788911),(1349,8,68,731567),(1350,8,69,584113),(1351,8,70,223666),(1352,8,71,412083),(1353,8,72,403895),(1354,8,73,625080),(1355,8,74,649656),(1356,8,75,969146),(1357,8,76,502204),(1358,8,77,747965),(1359,8,78,543165),(1360,8,79,289214),(1361,8,80,920000),(1362,8,81,600515),(1363,8,82,518596),(1364,8,83,616901),(1365,8,84,805317),(1366,8,85,756165),(1367,8,86,215496),(1368,8,87,707015),(1369,8,88,731598),(1370,8,89,600531),(1371,8,90,952788),(1372,8,91,199125),(1373,8,92,264662),(1374,8,93,707029),(1375,8,94,666072),(1376,8,95,76248),(1377,8,96,969178),(1378,8,97,109018),(1379,8,98,35292),(1380,8,99,862680),(1381,8,100,584160),(1382,8,101,592353),(1383,8,102,707040),(1384,8,103,928227),(1385,8,104,944612),(1386,8,105,838117),(1387,8,106,182758),(1388,8,107,879080),(1389,8,108,207337),(1390,8,109,27114),(1391,8,110,879085),(1392,8,111,264685),(1393,8,112,305649),(1394,8,113,289266),(1395,8,114,600566),(1396,8,115,485880),(1397,8,116,387581),(1398,8,117,150014),(1399,8,118,453121),(1400,8,119,231938),(1401,8,120,641539),(1402,8,121,739847),(1403,8,122,420360),(1404,8,123,526859),(1405,8,124,559627),(1406,8,125,125452),(1407,8,126,436752),(1408,8,127,379408),(1409,8,128,657938),(1410,8,129,600594),(1411,8,130,748050),(1412,8,131,256534),(1413,8,132,977431),(1414,8,133,567836),(1415,8,134,412189),(1416,8,135,551452),(1417,8,136,92704),(1418,8,137,526881),(1419,8,138,92714),(1420,8,139,576047),(1421,8,140,502321),(1422,8,141,371250),(1423,8,142,330292),(1424,8,143,764472),(1425,8,144,977466),(1426,8,145,19005),(1427,8,146,870975),(1428,8,147,436799),(1429,8,148,518721),(1430,8,149,240194),(1431,8,150,993858),(1432,8,151,35397),(1433,8,152,256583),(1434,8,153,436809),(1435,8,154,920141),(1436,8,155,281167),(1437,8,156,592463),(1438,8,157,559699),(1439,8,158,567893),(1440,8,159,215638),(1441,8,160,125525),(1442,8,161,404056),(1443,8,162,617049),(1444,8,163,166489),(1445,8,164,182869),(1446,8,165,633436),(1447,8,166,928345),(1448,8,167,789077),(1449,8,168,272991),(1450,8,169,289377),(1451,8,170,985702),(1452,8,171,248423),(1453,8,172,10854),(1454,8,173,453227),(1455,8,174,281201),(1456,8,175,838257),(1457,8,176,805491),(1458,8,177,92789),(1459,8,178,35451),(1460,8,179,273019),(1461,8,180,920189),(1462,8,181,150142),(1463,8,182,141953),(1464,8,183,35458),(1465,9,1,60035),(1466,9,2,436865),(1467,9,3,666247),(1468,9,4,117384),(1469,9,5,592520),(1470,9,6,912008),(1471,9,7,494219),(1472,9,8,731788),(1473,9,9,76429),(1474,9,10,821901),(1475,9,11,969359),(1476,9,12,977556),(1477,9,13,117398),(1478,9,14,182935),(1479,9,15,502423),(1480,9,16,846489),(1481,9,17,936603),(1482,9,18,84635),(1483,9,19,739997),(1484,9,20,780958),(1485,9,21,895648),(1486,9,22,699041),(1487,9,23,92834),(1488,9,24,633506),(1489,9,25,166564),(1490,9,26,445089),(1491,9,27,10922),(1492,9,28,789163),(1493,9,29,281260),(1494,9,30,133807),(1495,9,31,789168),(1496,9,32,428720),(1497,9,33,101043),(1498,9,34,895668),(1499,9,35,330421),(1500,9,36,608950),(1501,9,37,486070),(1502,9,38,142008),(1503,9,39,567992),(1504,9,40,740022),(1505,9,41,543417),(1506,9,42,592564),(1507,9,43,428725),(1508,9,44,273086),(1509,9,45,707262),(1510,9,46,649911),(1511,9,47,600760),(1512,9,48,60098),(1513,9,49,305858),(1514,9,50,527044),(1515,9,51,838339),(1516,9,52,60105),(1517,9,53,174796),(1518,9,54,871116),(1519,9,55,756430),(1520,9,56,363215),(1521,9,57,527056),(1522,9,58,27345),(1523,9,59,920271),(1525,9,61,666316),(1526,9,62,174806),(1527,9,63,641751),(1528,9,64,862935),(1529,9,65,699095),(1530,9,66,944856),(1531,9,67,109276),(1532,9,68,633565),(1533,9,69,879331),(1534,9,70,355044),(1535,9,71,469735),(1536,9,72,125674),(1537,9,73,51947),(1538,9,74,781039),(1539,9,75,281328),(1540,9,76,559856),(1541,9,77,781045),(1542,9,78,551670),(1543,9,79,518905),(1544,9,80,232189),(1545,9,81,518910),(1546,9,82,43776),(1547,9,83,60160),(1548,9,84,617220),(1549,9,85,789252),(1550,9,86,363268),(1551,9,87,887559),(1552,9,88,527112),(1553,9,89,633611),(1554,9,90,543508),(1555,9,91,281365),(1556,9,92,969494),(1557,9,93,38013),(1558,9,94,789272),(1559,9,95,879385),(1560,9,96,248602),(1561,9,97,650009),(1562,9,98,666400),(1563,9,99,412450),(1564,9,100,772900),(1565,9,101,248616),(1566,9,102,379692),(1567,9,103,781101),(1568,9,104,330541),(1569,9,105,346927),(1570,9,106,625456),(1571,9,107,183090),(1572,9,108,723762),(1573,9,109,314170),(1574,9,110,920379),(1575,9,111,494398),(1576,9,112,133951),(1577,9,113,68416),(1578,9,114,609089),(1579,9,115,551746),(1580,9,116,207683),(1581,9,117,985922),(1582,9,118,314181),(1583,9,119,68422),(1584,9,120,731974),(1585,9,121,576319),(1586,9,122,232265),(1587,9,123,19274),(1588,9,124,584522),(1589,9,125,355147),(1590,9,126,887626),(1591,9,127,281419),(1592,9,128,625486),(1593,9,129,633680),(1594,9,130,52049),(1595,9,131,543565),(1596,9,132,625482),(1597,9,133,904020),(1598,9,134,715604),(1599,9,135,985940),(1600,9,136,723795),(1601,9,137,461657),(1602,9,138,912220),(1603,9,139,60252),(1604,9,140,478046),(1605,9,141,740190),(1606,9,142,478048),(1607,9,143,575341),(1608,9,144,314214),(1609,9,145,240488),(1610,9,146,453481),(1611,9,147,658281),(1612,9,148,699243),(1613,9,149,420717),(1614,9,150,150382),(1615,9,151,43888),(1616,9,152,232313),(1617,9,153,314233),(1618,9,154,371581),(1619,9,155,691070),(1620,9,156,314237),(1621,9,157,904065),(1622,9,158,158594),(1623,9,159,158595),(1624,9,160,707461),(1625,9,161,281477),(1626,9,162,707463),(1627,9,163,904073),(1628,9,164,158601),(1629,9,165,371595),(1630,9,166,461707),(1631,9,167,338828),(1632,9,168,912269),(1633,9,169,60299),(1634,9,170,953232),(1635,9,171,625557),(1636,9,172,52119),(1637,9,173,953240),(1638,9,174,904089),(1639,9,175,527258),(1640,9,176,371610),(1641,9,177,617372),(1642,9,178,158620),(1643,9,179,109466),(1644,9,180,363423),(1645,9,181,289687),(1646,9,182,101283),(1647,9,183,740265),(1648,10,1,715690),(1649,10,2,715694),(1650,10,3,330671),(1651,10,4,322478),(1652,10,5,527283),(1653,10,6,601012),(1654,10,7,134069),(1655,10,8,494516),(1656,10,9,691129),(1657,10,10,854973),(1658,10,11,863169),(1659,10,12,650177),(1660,10,13,625603),(1661,10,14,674755),(1662,10,15,11205),(1663,10,16,224200),(1664,10,17,535497),(1665,10,18,625614),(1666,10,19,863185),(1667,10,20,60371),(1668,10,21,977876),(1669,10,22,183256),(1670,10,23,994264),(1671,10,24,43995),(1672,10,25,306141),(1673,10,26,117727),(1674,10,27,60383),(1675,10,28,642022),(1676,10,29,281575),(1677,10,30,633830),(1678,10,31,84969),(1679,10,32,707562),(1680,10,33,707560),(1681,10,34,306156),(1682,10,35,355308),(1683,10,36,437230),(1684,10,37,592879),(1685,10,38,584685),(1686,10,39,887797),(1687,10,40,297974),(1688,10,41,904184),(1689,10,42,756728),(1690,10,43,928763),(1691,10,44,125948),(1692,10,45,314365),(1693,10,46,535551),(1694,10,47,371714),(1695,10,48,35847),(1696,10,49,347144),(1697,10,50,863241),(1698,10,51,871434),(1699,10,52,633867),(1700,10,53,142345),(1701,10,54,584717),(1702,10,55,822288),(1703,10,56,306193),(1704,10,57,11282),(1705,10,58,396307),(1706,10,59,773140),(1708,10,61,986134),(1709,10,62,216087),(1710,10,63,101398),(1711,10,64,35862),(1712,10,65,461851),(1713,10,66,437275),(1714,10,67,609312),(1715,10,68,969762),(1716,10,69,388131),(1717,10,70,486436),(1718,10,71,3111),(1719,10,72,478248),(1720,10,73,404527),(1721,10,74,773168),(1722,10,75,543792),(1723,10,76,519218),(1724,10,77,117813),(1725,10,78,35896),(1726,10,79,879677),(1727,10,80,535613),(1728,10,81,11327),(1729,10,82,994369),(1730,10,83,142403),(1731,10,84,322629),(1732,10,85,633928),(1733,10,86,977993),(1734,10,87,805963),(1735,10,88,797773),(1736,10,89,543822),(1737,10,90,838735),(1738,10,91,879696),(1739,10,92,68688),(1740,10,93,683085),(1741,10,94,371797),(1742,10,95,855127),(1743,10,96,437335),(1744,10,97,27737),(1745,10,98,248924),(1746,10,99,44127),(1747,10,100,314463),(1748,10,101,371810),(1749,10,102,642147),(1750,10,103,314468),(1751,10,104,134245),(1752,10,105,642150),(1753,10,106,281700),(1754,10,107,478316),(1755,10,108,887917),(1756,10,109,142446),(1757,10,110,945263),(1758,10,111,19570),(1759,10,112,601204),(1760,10,113,683127),(1761,10,114,773240),(1762,10,115,224379),(1763,10,116,707710),(1764,10,117,27776),(1765,10,118,224389),(1766,10,119,126089),(1767,10,120,625805),(1768,10,121,511117),(1769,10,122,429197),(1770,10,123,740496),(1771,10,124,945297),(1772,10,125,396434),(1773,10,126,846994),(1774,10,127,683156),(1775,10,128,552079),(1776,10,129,232602),(1777,10,130,191651),(1778,10,131,126116),(1779,10,132,814244),(1780,10,133,117925),(1781,10,134,634025),(1782,10,135,535722),(1783,10,136,183466),(1784,10,137,535724),(1785,10,138,732332),(1786,10,139,249004),(1787,10,140,789678),(1788,10,141,568496),(1789,10,142,740521),(1790,10,143,847029),(1791,10,144,609463),(1792,10,145,36025),(1793,10,146,822457),(1794,10,147,912572),(1795,10,148,355516),(1796,10,149,388286),(1797,10,150,691391),(1798,10,151,142526),(1799,10,152,249026),(1800,10,153,371907),(1801,10,154,281796),(1802,10,155,724164),(1803,10,156,167111),(1804,10,157,822473),(1805,10,158,36043),(1806,10,159,216267),(1807,10,160,339147),(1808,10,161,912603),(1809,10,162,609500),(1810,10,163,199900),(1811,10,164,175323),(1812,10,165,453854),(1813,10,166,789724),(1814,10,167,224484),(1815,10,168,765158),(1816,10,169,36071),(1817,10,170,953576),(1818,10,171,388328),(1819,10,172,216298),(1820,10,173,625896),(1821,10,174,634086),(1822,10,175,339175),(1823,10,176,896240),(1824,10,177,896246),(1825,10,178,437495),(1826,10,179,36087),(1827,10,180,281849),(1828,10,181,240890),(1829,10,182,412923),(1830,10,183,208124),(1831,11,1,371964),(1832,11,2,314621),(1833,11,3,412927),(1834,11,4,445693),(1835,11,5,838915),(1836,11,6,920837),(1837,11,7,249094),(1838,11,8,314631),(1839,11,9,904457),(1840,11,10,740623),(1841,11,11,101649),(1842,11,12,740625),(1843,11,13,3345),(1844,11,14,298259),(1845,11,15,167191),(1846,11,16,806169),(1847,11,17,576794),(1848,11,18,838941),(1849,11,19,740643),(1850,11,20,494884),(1851,11,21,167206),(1852,11,22,560428),(1853,11,23,822573),(1854,11,24,789806),(1855,11,25,126257),(1856,11,26,724274),(1857,11,27,929076),(1858,11,28,970038),(1859,11,29,159037),(1860,11,30,879936),(1861,11,31,183618),(1862,11,32,838982),(1863,11,33,494919),(1864,11,34,986441),(1865,11,35,27978),(1866,11,36,290124),(1867,11,37,101708),(1868,11,38,601424),(1869,11,39,208209),(1870,11,40,216402),(1871,11,41,429395),(1872,11,42,11605),(1873,11,43,380248),(1874,11,44,183641),(1875,11,45,437594),(1876,11,46,593243),(1877,11,47,60764),(1878,11,48,716124),(1879,11,49,142686),(1880,11,50,503134),(1881,11,51,888160),(1882,11,52,765280),(1883,11,53,191839),(1884,11,54,978267),(1885,11,55,912740),(1886,11,56,290154),(1887,11,57,634220),(1888,11,58,707948),(1889,11,59,585070),(1891,11,61,822641),(1892,11,62,224626),(1893,11,63,331123),(1894,11,64,241017),(1895,11,65,822649),(1896,11,66,191867),(1897,11,67,535934),(1898,11,68,494974),(1899,11,69,454015),(1900,11,70,249216),(1901,11,71,519554),(1902,11,72,642436),(1903,11,73,347525),(1904,11,74,740741),(1905,11,75,249222),(1906,11,76,593285),(1907,11,77,970122),(1908,11,78,888203),(1909,11,79,593291),(1910,11,80,19851),(1911,11,81,19856),(1912,11,82,380306),(1913,11,83,494998),(1914,11,84,724374),(1915,11,85,978328),(1916,11,86,429466),(1917,11,87,388508),(1918,11,88,945566),(1919,11,89,748959),(1920,11,90,454046),(1921,11,91,290209),(1922,11,92,970148),(1923,11,93,650663),(1924,11,94,748972),(1925,11,95,44460),(1926,11,96,814517),(1927,11,97,609719),(1928,11,98,372153),(1929,11,99,200126),(1930,11,100,511423),(1931,11,101,69055),(1932,11,102,552385),(1933,11,103,486850),(1934,11,104,896451),(1935,11,105,60865),(1936,11,106,601536),(1937,11,107,224702),(1938,11,108,52679),(1939,11,109,585167),(1940,11,110,257490),(1941,11,111,642517),(1942,11,112,658905),(1943,11,113,77282),(1944,11,114,937443),(1945,11,115,44514),(1946,11,116,773607),(1947,11,117,945640),(1948,11,118,445929),(1949,11,119,60904),(1950,11,120,454124),(1951,11,121,830957),(1952,11,122,855537),(1953,11,123,470518),(1954,11,124,298489),(1955,11,125,142842),(1956,11,126,945661),(1957,11,127,118274),(1958,11,128,216578),(1959,11,129,658947),(1960,11,130,282114),(1961,11,131,192006),(1962,11,132,757255),(1963,11,133,667143),(1964,11,134,331269),(1965,11,135,724493),(1966,11,136,495118),(1967,11,137,495120),(1968,11,138,626192),(1969,11,139,355859),(1970,11,140,560659),(1971,11,141,601624),(1972,11,142,372249),(1973,11,143,134682),(1974,11,144,937502),(1975,11,145,396830),(1976,11,146,527904),(1977,11,147,380449),(1978,11,148,765474),(1979,11,149,683556),(1980,11,150,831018),(1981,11,151,134698),(1982,11,152,167467),(1983,11,153,904746),(1984,11,154,200238),(1985,11,155,85552),(1986,11,156,863796),(1987,11,157,93754),(1988,11,158,249402),(1989,11,159,28220),(1990,11,160,773696),(1991,11,161,839234),(1992,11,162,446019),(1993,11,163,757315),(1994,11,164,134725),(1995,11,165,953926),(1996,11,166,904775),(1997,11,167,323144),(1998,11,168,904773),(1999,11,169,863818),(2000,11,170,454221),(2001,11,171,814670),(2002,11,172,831055),(2003,11,173,880205),(2004,11,174,339541),(2005,11,175,921177),(2006,11,176,437858),(2007,11,177,118371),(2008,11,178,265828),(2009,11,179,347749),(2010,11,180,20071),(2011,11,181,577129),(2012,11,182,863854),(2013,11,183,388718),(2014,12,1,282224),(2015,12,2,396919),(2016,12,3,519804),(2017,12,4,61053),(2018,12,5,437888),(2019,12,6,904832),(2020,12,7,347780),(2021,12,8,11911),(2022,12,9,863880),(2023,12,10,61065),(2024,12,11,904842),(2025,12,12,298633),(2026,12,13,642700),(2027,12,14,142986),(2028,12,15,609927),(2029,12,16,601743),(2030,12,17,831122),(2031,12,18,872085),(2032,12,19,970389),(2033,12,20,3736),(2034,12,21,749209),(2035,12,22,118433),(2036,12,23,388774),(2037,12,24,233144),(2038,12,25,618169),(2039,12,26,855738),(2040,12,27,454331),(2041,12,28,552635),(2042,12,29,85691),(2043,12,30,913086),(2044,12,31,741056),(2045,12,32,454337),(2046,12,33,831170),(2047,12,34,192192),(2048,12,35,601798),(2049,12,36,577223),(2050,12,37,388807),(2051,12,38,855754),(2052,12,39,11980),(2053,12,40,282319),(2054,12,41,339663),(2055,12,42,986835),(2056,12,43,52954),(2057,12,44,790235),(2058,12,45,20189),(2059,12,46,863966),(2060,12,47,642784),(2061,12,48,921313),(2062,12,49,257762),(2063,12,50,413415),(2064,12,51,773865),(2065,12,52,618223),(2066,12,53,880372),(2067,12,54,741112),(2068,12,55,298746),(2069,12,56,954107),(2070,12,57,863995),(2071,12,58,511743),(2072,12,59,134915),(2074,12,61,765700),(2075,12,62,143112),(2076,12,63,896777),(2077,12,64,528138),(2078,12,65,634635),(2079,12,66,241418),(2080,12,67,536332),(2081,12,68,397068),(2082,12,69,585483),(2083,12,70,495378),(2084,12,71,462612),(2085,12,72,528152),(2086,12,73,888602),(2087,12,74,741152),(2088,12,75,790305),(2089,12,76,503588),(2090,12,77,339748),(2091,12,78,896805),(2092,12,79,986919),(2093,12,80,413476),(2094,12,81,716586),(2095,12,82,12075),(2096,12,83,12077),(2097,12,84,700211),(2098,12,85,560948),(2099,12,86,708407),(2100,12,87,618298),(2101,12,88,118587),(2102,12,89,413499),(2103,12,90,216896),(2104,12,91,896833),(2105,12,92,405312),(2106,12,93,397123),(2107,12,94,806723),(2108,12,95,782149),(2109,12,96,487237),(2110,12,97,593734),(2111,12,98,266058),(2112,12,99,151372),(2113,12,100,773965),(2114,12,101,823117),(2115,12,102,585551),(2116,12,103,978769),(2117,12,104,315217),(2118,12,105,716627),(2119,12,106,323415),(2120,12,107,249687),(2121,12,108,536409),(2122,12,109,495452),(2123,12,110,724829),(2124,12,111,151388),(2125,12,112,716637),(2126,12,113,610141),(2127,12,114,560993),(2128,12,115,560994),(2129,12,116,757601),(2130,12,117,429925),(2131,12,118,651110),(2132,12,119,544617),(2133,12,120,454505),(2134,12,121,94059),(2135,12,122,83824),(2136,12,123,692074),(2137,12,124,823152),(2138,12,125,528244),(2139,12,126,282487),(2140,12,127,462712),(2141,12,128,348027),(2142,12,129,503677),(2143,12,130,372605),(2144,12,131,847742),(2145,12,132,380800),(2146,12,133,749442),(2147,12,134,421763),(2148,12,135,626564),(2149,12,136,77701),(2150,12,137,946052),(2151,12,138,978824),(2152,12,139,757643),(2153,12,140,61327),(2154,12,141,20368),(2155,12,142,61328),(2156,12,143,323471),(2157,12,144,880531),(2158,12,145,389013),(2159,12,146,348055),(2160,12,147,913304),(2161,12,148,389016),(2162,12,149,298904),(2163,12,150,798619),(2164,12,151,348060),(2165,12,152,659357),(2166,12,153,667546),(2167,12,154,757663),(2168,12,155,307104),(2169,12,156,683936),(2170,12,157,896925),(2171,12,158,995228),(2172,12,159,438175),(2173,12,160,905126),(2174,12,161,241575),(2175,12,162,356262),(2176,12,163,4009),(2177,12,164,946089),(2178,12,165,651178),(2179,12,166,798632),(2180,12,167,380847),(2181,12,168,200629),(2182,12,169,257974),(2183,12,170,765880),(2184,12,171,397242),(2185,12,172,413628),(2186,12,173,495549),(2187,12,174,118718),(2188,12,175,741315),(2189,12,176,389065),(2190,12,177,782281),(2191,12,178,536523),(2192,12,179,888779),(2193,12,180,290765),(2194,12,181,954316),(2195,12,182,257999),(2196,12,183,405454),(2197,13,1,430027),(2198,13,2,659410),(2199,13,3,823251),(2200,13,4,233421),(2201,13,5,339925),(2202,13,6,184279),(2203,13,7,520151),(2204,13,8,197821),(2205,13,9,323547),(2206,13,10,651235),(2207,13,11,946147),(2208,13,12,987114),(2209,13,13,675822),(2210,13,14,356338),(2211,13,15,651252),(2212,13,16,872436),(2213,13,17,659450),(2214,13,18,888828),(2215,13,19,970750),(2216,13,20,282627),(2217,13,21,577539),(2218,13,22,446469),(2219,13,23,610308),(2220,13,24,348169),(2221,13,25,413705),(2222,13,26,118796),(2223,13,27,815118),(2224,13,28,69650),(2225,13,29,241685),(2226,13,30,634901),(2227,13,31,454680),(2228,13,32,790555),(2229,13,33,675868),(2230,13,34,102428),(2231,13,35,159775),(2232,13,36,512035),(2233,13,37,282661),(2234,13,38,634922),(2235,13,39,643116),(2236,13,40,749615),(2237,13,41,815152),(2238,13,42,725043),(2239,13,43,528435),(2240,13,44,446516),(2241,13,45,69683),(2242,13,46,856117),(2243,13,47,77883),(2244,13,48,553024),(2245,13,49,864328),(2246,13,50,512077),(2247,13,51,651343),(2248,13,52,299088),(2249,13,53,585814),(2250,13,54,159833),(2251,13,55,151641),(2252,13,56,36954),(2253,13,57,127068),(2254,13,58,798813),(2255,13,59,241753),(2257,13,61,962656),(2258,13,62,544858),(2259,13,63,815205),(2260,13,64,233576),(2261,13,65,110697),(2262,13,66,110696),(2263,13,67,798831),(2264,13,68,536687),(2265,13,69,872565),(2266,13,70,970870),(2267,13,71,782456),(2268,13,72,594045),(2269,13,73,331902),(2270,13,74,454783),(2271,13,75,118912),(2272,13,76,880769),(2273,13,77,20611),(2274,13,78,848006),(2275,13,79,684171),(2276,13,80,4236),(2277,13,81,848013),(2278,13,82,585870),(2279,13,83,733327),(2280,13,84,921744),(2281,13,85,86161),(2282,13,86,534899),(2283,13,87,28819),(2284,13,88,929939),(2285,13,89,12438),(2286,13,90,331927),(2287,13,91,340119),(2288,13,92,307353),(2289,13,93,774297),(2290,13,94,258204),(2291,13,95,53408),(2292,13,96,28833),(2293,13,97,151715),(2294,13,98,110759),(2295,13,99,233640),(2296,13,100,585896),(2297,13,101,209066),(2298,13,102,405675),(2299,13,103,602290),(2300,13,104,135346),(2301,13,105,774324),(2302,13,106,266420),(2303,13,107,823478),(2304,13,108,979128),(2305,13,109,561336),(2306,13,110,749752),(2307,13,111,151739),(2308,13,112,364729),(2309,13,113,45245),(2310,13,114,741566),(2311,13,115,889023),(2312,13,116,413883),(2313,13,117,594114),(2314,13,118,94402),(2315,13,119,274628),(2316,13,120,700613),(2317,13,121,643269),(2318,13,122,725191),(2319,13,123,266438),(2320,13,124,807116),(2321,13,125,504012),(2322,13,126,307407),(2323,13,127,880847),(2324,13,128,970964),(2325,13,129,561366),(2326,13,130,504026),(2327,13,131,397531),(2328,13,132,823516),(2329,13,133,602339),(2330,13,134,880871),(2331,13,135,536808),(2332,13,136,717033),(2333,13,137,889066),(2334,13,138,495851),(2335,13,139,766188),(2336,13,140,823540),(2337,13,141,889078),(2338,13,142,323831),(2339,13,143,446712),(2340,13,144,323833),(2341,13,145,864504),(2342,13,146,37110),(2343,13,147,692478),(2344,13,148,823557),(2345,13,149,332039),(2346,13,150,831751),(2347,13,151,258313),(2348,13,152,618762),(2349,13,153,758030),(2350,13,154,610574),(2351,13,155,692495),(2352,13,156,217361),(2353,13,157,987412),(2354,13,158,569621),(2355,13,159,364822),(2356,13,160,717077),(2357,13,161,397592),(2358,13,162,880924),(2359,13,163,553249),(2360,13,164,143650),(2361,13,165,45347),(2362,13,166,995626),(2363,13,167,364848),(2364,13,168,971056),(2365,13,169,987444),(2366,13,170,487736),(2367,13,171,856382),(2368,13,172,266560),(2369,13,173,971074),(2370,13,174,86343),(2371,13,175,479560),(2372,13,176,438601),(2373,13,177,430409),(2374,13,178,741705),(2375,13,179,110924),(2376,13,180,733517),(2377,13,181,880974),(2378,13,182,749905),(2379,13,183,340306),(2380,14,1,643414),(2381,14,2,307544),(2382,14,3,807256),(2383,14,4,381272),(2384,14,5,160088),(2385,14,6,168283),(2386,14,7,856411),(2387,14,8,504160),(2388,14,9,971104),(2389,14,10,823650),(2390,14,11,119145),(2391,14,12,938345),(2392,14,13,61803),(2393,14,14,266606),(2394,14,15,659824),(2395,14,16,831858),(2396,14,17,209271),(2397,14,18,799097),(2398,14,19,225658),(2399,14,20,635259),(2400,14,21,209276),(2401,14,22,94591),(2402,14,23,266626),(2403,14,24,291202),(2404,14,25,807299),(2405,14,26,45442),(2406,14,27,217478),(2407,14,28,872839),(2408,14,29,487815),(2409,14,30,659848),(2410,14,31,897418),(2411,14,32,258443),(2412,14,33,250246),(2413,14,34,119184),(2414,14,35,430480),(2415,14,36,496016),(2416,14,37,119187),(2417,14,38,217492),(2418,14,39,250261),(2419,14,40,758166),(2420,14,41,151958),(2421,14,42,922008),(2422,14,43,405915),(2423,14,44,356763),(2424,14,45,709021),(2425,14,46,618909),(2426,14,47,29084),(2427,14,48,692641),(2428,14,49,881060),(2429,14,50,627108),(2430,14,51,979366),(2431,14,52,135591),(2432,14,53,135592),(2433,14,54,242087),(2434,14,55,872874),(2435,14,56,749994),(2436,14,57,397738),(2437,14,58,463280),(2438,14,59,94641),(2440,14,61,176563),(2441,14,62,307635),(2442,14,63,962994),(2443,14,64,242097),(2444,14,65,496057),(2445,14,66,709051),(2446,14,67,86460),(2447,14,68,151997),(2448,14,69,774590),(2449,14,70,528832),(2450,14,71,676288),(2451,14,72,840128),(2452,14,73,709064),(2453,14,74,520651),(2454,14,75,405969),(2455,14,76,831955),(2456,14,77,86484),(2457,14,78,971221),(2458,14,79,430550),(2459,14,80,979416),(2460,14,81,881115),(2461,14,82,995804),(2462,14,83,70110),(2463,14,84,520671),(2464,14,85,324065),(2465,14,86,676324),(2466,14,87,324070),(2467,14,88,725478),(2468,14,89,53736),(2469,14,90,946669),(2470,14,91,971246),(2471,14,92,504303),(2472,14,93,758256),(2473,14,94,127472),(2474,14,95,381426),(2475,14,96,373233),(2476,14,97,758260),(2477,14,98,930292),(2478,14,99,618998),(2479,14,100,70135),(2480,14,101,143864),(2481,14,102,750068),(2482,14,103,233974),(2483,14,104,397819),(2484,14,105,586231),(2485,14,106,709119),(2486,14,107,479748),(2487,14,108,438791),(2488,14,109,274954),(2489,14,110,94731),(2490,14,111,545292),(2491,14,112,987658),(2492,14,113,758290),(2493,14,114,258580),(2494,14,115,561685),(2495,14,116,913942),(2496,14,117,602647),(2497,14,118,127512),(2498,14,119,889368),(2499,14,120,930324),(2500,14,121,160285),(2501,14,122,283166),(2502,14,123,619037),(2503,14,124,741921),(2504,14,125,160290),(2505,14,126,832035),(2506,14,127,315938),(2507,14,128,283175),(2508,14,129,709161),(2509,14,130,406058),(2510,14,131,807466),(2511,14,132,356907),(2512,14,133,70187),(2513,14,134,815664),(2514,14,135,127537),(2515,14,136,70195),(2516,14,137,397876),(2517,14,138,873012),(2518,14,139,832052),(2519,14,140,463415),(2520,14,141,840247),(2521,14,142,676418),(2522,14,143,168515),(2523,14,144,479811),(2524,14,145,348742),(2525,14,146,488007),(2526,14,147,365128),(2527,14,148,373327),(2528,14,149,119384),(2529,14,150,496220),(2530,14,151,45663),(2531,14,152,610912),(2532,14,153,725601),(2533,14,154,291426),(2534,14,155,758372),(2535,14,156,594535),(2536,14,157,275048),(2537,14,158,692841),(2538,14,159,840296),(2539,14,160,651887),(2540,14,161,774770),(2541,14,162,119412),(2542,14,163,873080),(2543,14,164,995962),(2544,14,165,70268),(2545,14,166,914046),(2546,14,167,676479),(2547,14,168,119426),(2548,14,169,684675),(2549,14,170,488068),(2550,14,171,496261),(2551,14,172,815750),(2552,14,173,463497),(2553,14,174,594574),(2554,14,175,447121),(2555,14,176,422545),(2556,14,177,766610),(2557,14,178,430740),(2558,14,179,823953),(2559,14,180,692890),(2560,14,181,922268),(2561,14,182,864925),(2562,14,183,643742),(2563,15,1,602781),(2564,15,2,963237),(2565,15,3,463526),(2566,15,4,725673),(2567,15,5,414377),(2568,15,6,291508),(2569,15,7,21172),(2570,15,8,791220),(2571,15,9,553663),(2572,15,10,922304),(2573,15,11,815808),(2574,15,12,553667),(2575,15,13,316099),(2576,15,14,758475),(2577,15,15,963278),(2578,15,16,234196),(2579,15,17,930517),(2580,15,18,717527),(2581,15,19,799449),(2582,15,20,963299),(2583,15,21,168676),(2584,15,22,733925),(2585,15,23,496365),(2586,15,24,783086),(2587,15,25,938735),(2588,15,26,570093),(2589,15,27,856818),(2590,15,28,611061),(2591,15,29,594678),(2592,15,30,684793),(2593,15,31,152315),(2594,15,32,758526),(2595,15,33,643842),(2596,15,34,135939),(2597,15,35,832262),(2598,15,36,692998),(2599,15,37,783111),(2600,15,38,37638),(2601,15,39,283404),(2602,15,40,914189),(2603,15,41,455436),(2604,15,42,226063),(2605,15,43,389908),(2606,15,44,332565),(2607,15,45,267029),(2608,15,46,324375),(2609,15,47,193311),(2610,15,48,676641),(2611,15,49,815908),(2612,15,50,127781),(2613,15,51,406309),(2614,15,52,258854),(2615,15,53,135978),(2616,15,54,21294),(2617,15,55,119599),(2618,15,56,578356),(2619,15,57,496438),(2620,15,58,316215),(2621,15,59,594744),(2623,15,61,856897),(2624,15,62,537410),(2625,15,63,668484),(2626,15,64,586565),(2627,15,65,258887),(2628,15,66,537415),(2629,15,67,480071),(2630,15,68,889673),(2631,15,69,234319),(2632,15,70,226127),(2633,15,71,496465),(2634,15,72,283474),(2635,15,73,201554),(2636,15,74,185171),(2637,15,75,29525),(2638,15,76,340822),(2639,15,77,578391),(2640,15,78,455514),(2641,15,79,283483),(2642,15,80,725850),(2643,15,81,447325),(2644,15,82,627550),(2645,15,83,283487),(2646,15,84,78684),(2647,15,85,193380),(2648,15,86,95076),(2649,15,87,693092),(2650,15,88,635751),(2651,15,89,160616),(2652,15,90,373609),(2653,15,91,701288),(2654,15,92,889707),(2655,15,93,562030),(2656,15,94,938862),(2657,15,95,996208),(2658,15,96,160622),(2659,15,97,62322),(2660,15,98,283507),(2661,15,99,480115),(2662,15,100,406387),(2663,15,101,463731),(2664,15,102,963442),(2665,15,103,381817),(2666,15,104,177019),(2667,15,105,938879),(2668,15,106,62336),(2669,15,107,463745),(2670,15,108,488324),(2671,15,109,865159),(2672,15,110,144266),(2673,15,111,603019),(2674,15,112,177036),(2675,15,113,750474),(2676,15,114,594830),(2677,15,115,848783),(2678,15,116,70541),(2679,15,117,865168),(2680,15,118,758671),(2681,15,119,324501),(2682,15,120,906133),(2683,15,121,545687),(2684,15,122,832412),(2685,15,123,54177),(2686,15,124,62383),(2687,15,125,365489),(2688,15,126,857011),(2689,15,127,529333),(2690,15,128,906165),(2691,15,129,750519),(2692,15,130,37816),(2693,15,131,701371),(2694,15,132,660414),(2695,15,133,906176),(2696,15,134,242624),(2697,15,135,480194),(2698,15,136,431044),(2699,15,137,480204),(2700,15,138,414671),(2701,15,139,676816),(2702,15,140,758740),(2703,15,141,29653),(2704,15,142,275414),(2705,15,143,668631),(2706,15,144,529368),(2707,15,145,29656),(2708,15,146,611290),(2709,15,147,914395),(2710,15,148,463831),(2711,15,149,889812),(2712,15,150,725973),(2713,15,151,472031),(2714,15,152,242656),(2715,15,153,660447),(2716,15,154,627682),(2717,15,155,553954),(2718,15,156,816100),(2719,15,157,676835),(2720,15,158,955368),(2721,15,159,783337),(2722,15,160,988142),(2723,15,161,95216),(2724,15,162,111601),(2725,15,163,726004),(2726,15,164,996341),(2727,15,165,668661),(2728,15,166,750583),(2729,15,167,914425),(2730,15,168,185338),(2731,15,169,881658),(2732,15,170,480249),(2733,15,171,644093),(2734,15,172,455678),(2735,15,173,62466),(2736,15,174,406530),(2737,15,175,881668),(2738,15,176,594947),(2739,15,177,152584),(2740,15,178,619531),(2741,15,179,250891),(2742,15,180,406540),(2743,15,181,324619),(2744,15,182,635919),(2745,15,183,193551),(2746,16,1,865298),(2747,16,2,5139),(2748,16,3,685076),(2749,16,4,37909),(2750,16,5,316438),(2751,16,6,963608),(2752,16,7,848921),(2753,16,8,594974),(2754,16,9,463902),(2755,16,10,570402),(2756,16,11,586787),(2757,16,12,414757),(2758,16,13,431143),(2759,16,14,947240),(2760,16,15,840751),(2761,16,16,209969),(2762,16,17,513073),(2763,16,18,742451),(2764,16,19,406583),(2765,16,20,980027),(2766,16,21,660542),(2767,16,22,169023),(2768,16,23,332862),(2769,16,24,709700),(2770,16,25,382022),(2771,16,26,70728),(2772,16,27,808009),(2773,16,28,201805),(2774,16,29,562254),(2775,16,30,709711),(2776,16,31,455760),(2777,16,32,537679),(2778,16,33,775250),(2779,16,34,332883),(2780,16,35,169044),(2781,16,36,554067),(2782,16,37,226386),(2783,16,38,185425),(2784,16,39,119897),(2785,16,40,824410),(2786,16,41,709723),(2787,16,42,13414),(2788,16,43,259178),(2789,16,44,521323),(2790,16,45,95341),(2791,16,46,537711),(2792,16,47,70769),(2793,16,48,775283),(2794,16,49,783476),(2795,16,50,881789),(2796,16,51,103549),(2797,16,52,824446),(2798,16,53,414848),(2799,16,54,160897),(2800,16,55,980098),(2801,16,56,316547),(2802,16,57,758916),(2803,16,58,685188),(2804,16,59,504966),(2806,16,61,750729),(2807,16,62,922762),(2808,16,63,693387),(2809,16,64,529551),(2810,16,65,922768),(2811,16,66,349329),(2812,16,67,357523),(2813,16,68,496790),(2814,16,69,390297),(2815,16,70,955546),(2816,16,71,906397),(2817,16,72,128159),(2818,16,73,988324),(2819,16,74,529573),(2820,16,75,210087),(2821,16,76,595114),(2822,16,77,283821),(2823,16,78,701617),(2824,16,79,586931),(2825,16,80,275636),(2826,16,81,586933),(2827,16,82,849079),(2828,16,83,963768),(2829,16,84,947391),(2830,16,85,46272),(2831,16,86,742595),(2832,16,87,423115),(2833,16,88,103631),(2834,16,89,242895),(2835,16,90,808143),(2836,16,91,333014),(2837,16,92,160982),(2838,16,93,242904),(2839,16,94,256692),(2840,16,95,152797),(2841,16,96,521438),(2842,16,97,29919),(2843,16,98,480478),(2844,16,99,677089),(2845,16,100,333030),(2846,16,101,799975),(2847,16,102,136425),(2848,16,103,505065),(2849,16,104,922861),(2850,16,105,283885),(2851,16,106,292079),(2852,16,107,603376),(2853,16,108,906481),(2854,16,109,693490),(2855,16,110,808179),(2856,16,111,677108),(2857,16,112,701686),(2858,16,113,111863),(2859,16,114,382200),(2860,16,115,660729),(2861,16,116,931064),(2862,16,117,627963),(2863,16,118,218358),(2864,16,119,439549),(2865,16,120,275710),(2866,16,121,169214),(2867,16,122,136444),(2868,16,123,111869),(2869,16,124,587001),(2870,16,125,996615),(2871,16,126,775436),(2872,16,127,161037),(2873,16,128,554253),(2874,16,129,750863),(2875,16,130,87311),(2876,16,131,521494),(2877,16,132,259350),(2878,16,133,103705),(2879,16,134,5404),(2880,16,135,365856),(2881,16,136,472355),(2882,16,137,578852),(2883,16,138,472357),(2884,16,139,341286),(2885,16,140,70947),(2886,16,141,898344),(2887,16,142,996649),(2888,16,143,218410),(2889,16,144,390443),(2890,16,145,988459),(2891,16,146,996648),(2892,16,147,300334),(2893,16,148,341295),(2894,16,149,120115),(2895,16,150,668980),(2896,16,151,38196),(2897,16,152,513337),(2898,16,153,898361),(2899,16,154,890171),(2900,16,155,390460),(2901,16,156,685371),(2902,16,157,718139),(2903,16,158,759097),(2904,16,159,726342),(2905,16,160,881990),(2906,16,161,185671),(2907,16,162,808265),(2908,16,163,193866),(2909,16,164,587083),(2910,16,165,300367),(2911,16,166,709968),(2912,16,167,54608),(2913,16,168,587090),(2914,16,169,996690),(2915,16,170,628049),(2916,16,171,382302),(2917,16,172,849251),(2918,16,173,562532),(2919,16,174,963941),(2920,16,175,357734),(2921,16,176,38247),(2922,16,177,701800),(2923,16,178,669032),(2924,16,179,882026),(2925,16,180,62828),(2926,16,181,128367),(2927,16,182,898416),(2928,16,183,202097),(2929,17,1,169331),(2930,17,2,185717),(2931,17,3,800117),(2932,17,4,333175),(2933,17,5,398711),(2934,17,6,939381),(2935,17,7,136566),(2936,17,8,644475),(2937,17,9,644472),(2938,17,10,185725),(2939,17,11,873856),(2940,17,12,38272),(2941,17,13,693633),(2942,17,14,849283),(2943,17,15,988548),(2944,17,16,120195),(2945,17,17,931205),(2946,17,18,382344),(2947,17,19,546185),(2948,17,20,865674),(2949,17,21,898443),(2950,17,22,718223),(2951,17,23,538000),(2952,17,24,21903),(2953,17,25,578959),(2954,17,26,914831),(2955,17,27,439703),(2956,17,28,832923),(2957,17,29,996767),(2958,17,30,505248),(2959,17,31,398752),(2960,17,32,464290),(2961,17,33,292258),(2962,17,34,578979),(2963,17,35,390564),(2964,17,36,144808),(2965,17,37,497066),(2966,17,38,185773),(2967,17,39,652718),(2968,17,40,742831),(2969,17,41,325040),(2970,17,42,390577),(2971,17,43,38321),(2972,17,44,177587),(2973,17,45,628148),(2974,17,46,685491),(2975,17,47,472503),(2976,17,48,505273),(2977,17,49,275901),(2978,17,50,30142),(2979,17,51,914879),(2980,17,52,972224),(2981,17,53,579007),(2982,17,54,751042),(2983,17,55,939459),(2984,17,56,71107),(2985,17,57,890309),(2986,17,58,431556),(2987,17,59,570819),(2989,17,61,71108),(2990,17,62,38346),(2991,17,63,488899),(2992,17,64,669132),(2993,17,65,734668),(2994,17,66,464334),(2995,17,67,849359),(2996,17,68,415177),(2997,17,69,226769),(2998,17,70,882127),(2999,17,71,5589),(3000,17,72,398806),(3001,17,73,906712),(3002,17,74,464345),(3003,17,75,62938),(3004,17,76,415195),(3005,17,77,873948),(3006,17,78,685534),(3007,17,79,775649),(3008,17,80,103906),(3009,17,81,947683),(3010,17,82,923110),(3011,17,83,513513),(3012,17,84,316908),(3013,17,85,587245),(3014,17,86,964081),(3015,17,87,390643),(3016,17,88,71156),(3017,17,89,546293),(3018,17,90,488950),(3019,17,91,652790),(3020,17,92,603642),(3021,17,93,816638),(3022,17,94,79361),(3023,17,95,103940),(3024,17,96,185861),(3025,17,97,570886),(3026,17,98,628231),(3027,17,99,923143),(3028,17,100,284168),(3029,17,101,46599),(3030,17,102,603659),(3031,17,103,554509),(3032,17,104,661008),(3033,17,105,587281),(3034,17,106,275987),(3035,17,107,939540),(3036,17,108,751127),(3037,17,109,718360),(3038,17,110,734744),(3039,17,111,964123),(3040,17,112,783901),(3041,17,113,415262),(3042,17,114,865824),(3043,17,115,464417),(3044,17,116,652835),(3045,17,117,701988),(3046,17,118,144935),(3047,17,119,677417),(3048,17,120,710187),(3049,17,121,22061),(3050,17,122,816686),(3051,17,123,431661),(3052,17,124,955949),(3053,17,125,980529),(3054,17,126,79410),(3055,17,127,882226),(3056,17,128,579124),(3057,17,129,898612),(3058,17,130,46659),(3059,17,131,767559),(3060,17,132,243276),(3061,17,133,726607),(3062,17,134,325200),(3063,17,135,276049),(3064,17,136,284241),(3065,17,137,849493),(3066,17,138,431703),(3067,17,139,996952),(3068,17,140,947801),(3069,17,141,177756),(3070,17,142,79453),(3071,17,143,464478),(3072,17,144,308834),(3073,17,145,333413),(3074,17,146,226918),(3075,17,147,38502),(3076,17,148,79465),(3077,17,149,300649),(3078,17,150,46699),(3079,17,151,276076),(3080,17,152,38509),(3081,17,153,816749),(3082,17,154,898670),(3083,17,155,13937),(3084,17,156,226934),(3085,17,157,136824),(3086,17,158,931449),(3087,17,159,644732),(3088,17,160,906881),(3089,17,161,300673),(3090,17,162,104067),(3091,17,163,161414),(3092,17,164,784006),(3093,17,165,87688),(3094,17,166,923272),(3095,17,167,358030),(3096,17,168,349839),(3097,17,169,54928),(3098,17,170,734862),(3099,17,171,816782),(3100,17,172,439955),(3101,17,173,644756),(3102,17,174,587415),(3103,17,175,628383),(3104,17,176,644768),(3105,17,177,153249),(3106,17,178,38562),(3107,17,179,259748),(3108,17,180,693925),(3109,17,181,915109),(3110,17,182,759465),(3111,17,183,226986),(3112,18,1,865964),(3113,18,2,259764),(3114,18,3,46773),(3115,18,4,415413),(3116,18,5,54970),(3117,18,6,972474),(3118,18,7,734909),(3119,18,8,382654),(3120,18,9,497343),(3121,18,10,186048),(3122,18,11,825025),(3123,18,12,177860),(3124,18,13,489159),(3125,18,14,71371),(3126,18,15,988878),(3127,18,16,792273),(3128,18,17,743121),(3129,18,18,538323),(3130,18,19,472792),(3131,18,20,55002),(3132,18,21,374492),(3133,18,22,325340),(3134,18,23,267998),(3135,18,24,300764),(3136,18,25,399074),(3137,18,26,390883),(3138,18,27,456418),(3139,18,28,734949),(3140,18,29,480996),(3141,18,30,759530),(3142,18,31,595691),(3143,18,32,825072),(3144,18,33,964339),(3145,18,34,71411),(3146,18,35,95990),(3147,18,36,489208),(3148,18,37,186114),(3149,18,38,628484),(3150,18,39,153348),(3151,18,40,874251),(3152,18,41,767758),(3153,18,42,243471),(3154,18,43,816912),(3155,18,44,456465),(3156,18,45,284434),(3157,18,46,669459),(3158,18,47,96020),(3159,18,48,292629),(3160,18,49,587542),(3161,18,50,431889),(3162,18,51,22296),(3163,18,52,30491),(3164,18,53,972571),(3165,18,54,997150),(3166,18,55,964386),(3167,18,56,743206),(3168,18,57,235303),(3169,18,58,513835),(3170,18,59,677678),(3172,18,61,636724),(3173,18,62,800566),(3174,18,63,341815),(3175,18,64,104248),(3176,18,65,63288),(3177,18,66,866106),(3178,18,67,112445),(3179,18,68,620351),(3180,18,69,718656),(3181,18,70,677697),(3182,18,71,554815),(3183,18,72,259908),(3184,18,73,333642),(3185,18,74,751437),(3186,18,75,300878),(3187,18,76,169807),(3188,18,77,104272),(3189,18,78,989009),(3190,18,79,857936),(3191,18,80,857938),(3192,18,81,636756),(3193,18,82,792406),(3194,18,83,178012),(3195,18,84,776032),(3196,18,85,440162),(3197,18,86,431975),(3198,18,87,71529),(3199,18,88,817003),(3200,18,89,636780),(3201,18,90,776045),(3202,18,91,243566),(3203,18,92,30571),(3204,18,93,726891),(3205,18,94,702318),(3206,18,95,628587),(3207,18,96,333676),(3208,18,97,22381),(3209,18,98,87925),(3210,18,99,792440),(3211,18,100,309116),(3212,18,101,194428),(3213,18,102,489342),(3214,18,103,178048),(3215,18,104,948097),(3216,18,105,382854),(3217,18,106,366472),(3218,18,107,235401),(3219,18,108,63370),(3220,18,109,415627),(3221,18,110,161676),(3222,18,111,309133),(3223,18,112,800654),(3224,18,113,210829),(3225,18,114,513940),(3226,18,115,800661),(3227,18,116,87957),(3228,18,117,399253),(3229,18,118,677787),(3230,18,119,341916),(3231,18,120,825245),(3232,18,121,882590),(3233,18,122,866206),(3234,18,123,276389),(3235,18,124,980902),(3236,18,125,960227),(3237,18,126,792488),(3238,18,127,145327),(3239,18,128,112559),(3240,18,129,128945),(3241,18,130,497587),(3242,18,131,210874),(3243,18,132,38847),(3244,18,133,686021),(3245,18,134,628678),(3246,18,135,866246),(3247,18,136,923589),(3248,18,137,653262),(3249,18,138,415696),(3250,18,139,546768),(3251,18,140,604116),(3252,18,141,382934),(3253,18,142,841687),(3254,18,143,440281),(3255,18,144,858075),(3256,18,145,186332),(3257,18,146,538590),(3258,18,147,899045),(3259,18,148,145381),(3260,18,149,63463),(3261,18,150,6120),(3262,18,151,759785),(3263,18,152,784362),(3264,18,153,38891),(3265,18,154,620517),(3266,18,155,464875),(3267,18,156,104431),(3268,18,157,972784),(3269,18,158,751602),(3270,18,159,342004),(3271,18,160,63476),(3272,18,161,301047),(3273,18,162,219130),(3274,18,163,235514),(3275,18,164,956411),(3276,18,165,587776),(3277,18,166,874500),(3278,18,167,464900),(3279,18,168,751622),(3280,18,169,6151),(3281,18,170,489480),(3282,18,171,481288),(3283,18,172,849930),(3284,18,173,874513),(3285,18,174,6164),(3286,18,175,522262),(3287,18,176,161814),(3288,18,177,784410),(3289,18,178,112669),(3290,18,179,276510),(3291,18,180,219168),(3292,18,181,63521),(3293,18,182,604196),(3294,18,183,210983),(3295,19,1,88103),(3296,19,2,792617),(3297,19,3,636973),(3298,19,4,981037),(3299,19,5,882736),(3300,19,6,800817),(3301,19,7,243762),(3302,19,8,30773),(3303,19,9,325686),(3304,19,10,784438),(3305,19,11,579640),(3306,19,12,997433),(3307,19,13,522299),(3308,19,14,997437),(3309,19,15,317501),(3310,19,16,342081),(3311,19,17,424003),(3312,19,18,194631),(3313,19,19,735304),(3314,19,20,579657),(3315,19,21,940107),(3316,19,22,948300),(3317,19,23,710733),(3318,19,24,301136),(3319,19,25,981077),(3320,19,26,120921),(3321,19,27,481371),(3322,19,28,14428),(3323,19,29,743517),(3324,19,30,579677),(3325,19,31,727135),(3326,19,32,211038),(3327,19,33,489565),(3328,19,34,112738),(3329,19,35,677984),(3330,19,36,899167),(3331,19,37,473185),(3332,19,38,407654),(3333,19,39,129127),(3334,19,40,940134),(3335,19,41,383080),(3336,19,42,96362),(3337,19,43,612457),(3338,19,44,923750),(3339,19,45,63597),(3340,19,46,759917),(3341,19,47,301170),(3342,19,48,964724),(3343,19,49,866420),(3344,19,50,481401),(3345,19,51,858234),(3346,19,52,751737),(3347,19,53,686204),(3348,19,54,348058),(3349,19,55,120963),(3350,19,56,456837),(3351,19,57,170120),(3352,19,58,415884),(3353,19,59,112781),(3355,19,61,637073),(3356,19,62,612498),(3357,19,63,776338),(3358,19,64,891028),(3359,19,65,727189),(3360,19,66,891031),(3361,19,67,481432),(3362,19,68,948379),(3363,19,69,424092),(3364,19,70,817309),(3365,19,71,30878),(3366,19,72,424094),(3367,19,73,841888),(3368,19,74,719010),(3369,19,75,55458),(3370,19,76,538790),(3371,19,77,497833),(3372,19,78,325802),(3373,19,79,39082),(3374,19,80,710830),(3375,19,81,350385),(3376,19,82,907445),(3377,19,83,276661),(3378,19,84,874678),(3379,19,85,989368),(3380,19,86,121015),(3381,19,87,596154),(3382,19,88,743612),(3383,19,89,710845),(3384,19,90,293052),(3385,19,91,948417),(3386,19,92,14530),(3387,19,93,6344),(3388,19,94,465096),(3389,19,95,145611),(3390,19,96,129229),(3391,19,97,678095),(3392,19,98,71891),(3393,19,99,301270),(3394,19,100,252121),(3395,19,101,88285),(3396,19,102,145631),(3397,19,103,22751),(3398,19,104,727263),(3399,19,105,235747),(3400,19,106,522469),(3401,19,107,760040),(3402,19,108,432361),(3403,19,109,571627),(3404,19,110,293101),(3405,19,111,989424),(3406,19,112,497907),(3407,19,113,22771),(3408,19,114,809205),(3409,19,115,710907),(3410,19,116,481531),(3411,19,117,579837),(3412,19,118,915710),(3413,19,119,841986),(3414,19,120,727299),(3415,19,121,424195),(3416,19,122,727301),(3417,19,123,579848),(3418,19,124,751882),(3419,19,125,342284),(3420,19,126,620814),(3421,19,127,989456),(3422,19,128,145682),(3423,19,129,276757),(3424,19,130,588056),(3425,19,131,47385),(3426,19,132,866586),(3427,19,133,153887),(3428,19,134,842019),(3429,19,135,22823),(3430,19,136,727338),(3431,19,137,514348),(3432,19,138,31021),(3433,19,139,375084),(3434,19,140,416049),(3435,19,141,260402),(3436,19,142,407857),(3437,19,143,358705),(3438,19,144,162101),(3439,19,145,366897),(3440,19,146,391475),(3441,19,147,342328),(3442,19,148,80185),(3443,19,149,522547),(3444,19,150,964924),(3445,19,151,137532),(3446,19,152,137534),(3447,19,153,923967),(3448,19,154,604481),(3449,19,155,956739),(3450,19,156,137542),(3451,19,157,227657),(3452,19,158,104777),(3453,19,159,80205),(3454,19,160,63821),(3455,19,161,63823),(3456,19,162,301392),(3457,19,163,997709),(3458,19,164,309586),(3459,19,165,817490),(3460,19,166,653654),(3461,19,167,424279),(3462,19,168,563545),(3463,19,169,252250),(3464,19,170,448859),(3465,19,171,530777),(3466,19,172,874845),(3467,19,173,399709),(3468,19,174,325983),(3469,19,175,694623),(3470,19,176,522600),(3471,19,177,440687),(3472,19,178,350579),(3473,19,179,678259),(3474,19,180,416116),(3475,19,181,825719),(3476,19,182,14712),(3477,19,183,686461),(3478,20,1,416135),(3479,20,2,260488),(3480,20,3,809353),(3481,20,4,825736),(3482,20,5,637323),(3483,20,6,276876),(3484,20,7,858508),(3485,20,8,276878),(3486,20,9,661904),(3487,20,10,776594),(3488,20,11,55699),(3489,20,12,792979),(3490,20,13,989586),(3491,20,14,866711),(3492,20,15,874905),(3493,20,16,588189),(3494,20,17,481694),(3495,20,18,375200),(3496,20,19,391584),(3497,20,20,145826),(3498,20,21,792994),(3499,20,22,342440),(3500,20,23,801197),(3501,20,24,252335),(3502,20,25,260528),(3503,20,26,702899),(3504,20,27,956852),(3505,20,28,301491),(3506,20,29,506297),(3507,20,30,809405),(3508,20,31,391614),(3509,20,32,465341),(3510,20,33,997823),(3511,20,34,465347),(3512,20,35,235973),(3513,20,36,801222),(3514,20,37,268747),(3515,20,38,498123),(3516,20,39,530893),(3517,20,40,342478),(3518,20,41,866768),(3519,20,42,293329),(3520,20,43,334290),(3521,20,44,842194),(3522,20,45,555475),(3523,20,46,39380),(3524,20,47,383440),(3525,20,48,702929),(3526,20,49,907744),(3527,20,50,301537),(3528,20,51,268770),(3529,20,52,776677),(3530,20,53,653798),(3531,20,54,596455),(3532,20,55,236008),(3533,20,56,719341),(3534,20,57,891374),(3535,20,58,907760),(3536,20,59,711152),(3538,20,61,145915),(3539,20,62,817660),(3540,20,63,334336),(3541,20,64,293378),(3542,20,65,580099),(3543,20,66,285187),(3544,20,67,539141),(3545,20,68,850439),(3546,20,69,752136),(3547,20,70,907785),(3548,20,71,891399),(3549,20,72,334350),(3550,20,73,989710),(3551,20,74,801298),(3552,20,75,178711),(3553,20,76,563737),(3554,20,77,940569),(3555,20,78,498202),(3556,20,79,842268),(3557,20,80,522781),(3558,20,81,883229),(3559,20,82,678432),(3560,20,83,375331),(3561,20,84,637475),(3562,20,85,186917),(3563,20,86,621093),(3564,20,87,490025),(3565,20,88,817711),(3566,20,89,145970),(3567,20,90,539187),(3568,20,91,768568),(3569,20,92,490041),(3570,20,93,703035),(3571,20,94,432701),(3572,20,95,817728),(3573,20,96,973382),(3574,20,97,678481),(3575,20,98,55890),(3576,20,99,596563),(3577,20,100,768595),(3578,20,101,547411),(3579,20,102,506454),(3580,20,103,64087),(3581,20,104,539219),(3582,20,105,359001),(3583,20,106,793178),(3584,20,107,571994),(3585,20,108,39517),(3586,20,109,408159),(3587,20,110,432738),(3588,20,111,875107),(3589,20,112,555620),(3590,20,113,997989),(3591,20,114,531045),(3592,20,115,588391),(3593,20,116,6759),(3594,20,117,113256),(3595,20,118,309868),(3596,20,119,514671),(3597,20,120,432757),(3598,20,121,965237),(3599,20,122,113272),(3600,20,123,981626),(3601,20,124,260731),(3602,20,125,842364),(3603,20,126,457341),(3604,20,127,612989),(3605,20,128,416382),(3606,20,129,834176),(3607,20,130,899710),(3608,20,131,301694),(3609,20,132,96890),(3610,20,133,113284),(3611,20,134,113277),(3612,20,135,703110),(3613,20,136,178823),(3614,20,137,449160),(3615,20,138,146058),(3616,20,139,391822),(3617,20,140,703118),(3618,20,141,260752),(3619,20,142,268947),(3620,20,143,621204),(3621,20,144,981652),(3622,20,145,326295),(3623,20,146,957080),(3624,20,147,514716),(3625,20,148,39581),(3626,20,149,522914),(3627,20,150,678564),(3628,20,151,793253),(3629,20,152,522921),(3630,20,153,850601),(3631,20,154,55982),(3632,20,155,137906),(3633,20,156,236211),(3634,20,157,850611),(3635,20,158,105141),(3636,20,159,670395),(3637,20,160,424636),(3638,20,161,359104),(3639,20,162,285376),(3640,20,163,694977),(3641,20,164,785093),(3642,20,165,703174),(3643,20,166,785095),(3644,20,167,654029),(3645,20,168,842446),(3646,20,169,31446),(3647,20,170,719576),(3648,20,171,834264),(3649,20,172,375516),(3650,20,173,137951),(3651,20,174,613088),(3652,20,175,965344),(3653,20,176,80611),(3654,20,177,277220),(3655,20,178,875235),(3656,20,179,727781),(3657,20,180,39656),(3658,20,181,400104),(3659,20,182,244456),(3660,20,183,973547),(3661,21,1,613098),(3662,21,2,269037),(3663,21,3,375534),(3664,21,4,711402),(3665,21,5,514800),(3666,21,6,97009),(3667,21,7,727794),(3668,21,8,178930),(3669,21,9,375539),(3670,21,10,432881),(3671,21,11,670454),(3672,21,12,432879),(3673,21,13,834296),(3674,21,14,760568),(3675,21,15,350968),(3676,21,16,113403),(3677,21,17,613117),(3678,21,18,883455),(3679,21,19,768770),(3680,21,20,350979),(3681,21,21,350980),(3682,21,22,809734),(3683,21,23,6919),(3684,21,24,744200),(3685,21,25,424726),(3686,21,26,965401),(3687,21,27,367386),(3688,21,28,203550),(3689,21,29,613150),(3690,21,30,15136),(3691,21,31,858913),(3692,21,32,391972),(3693,21,33,654120),(3694,21,34,744233),(3695,21,35,604968),(3696,21,36,744235),(3697,21,37,801580),(3698,21,38,23343),(3699,21,39,162610),(3700,21,40,727859),(3701,21,41,113460),(3702,21,42,629554),(3703,21,43,285494),(3704,21,44,801592),(3705,21,45,645947),(3706,21,46,768828),(3707,21,47,760637),(3708,21,48,621376),(3709,21,49,506689),(3710,21,50,834371),(3711,21,51,506692),(3712,21,52,768838),(3713,21,53,981833),(3714,21,54,817996),(3715,21,55,121679),(3716,21,56,129873),(3717,21,57,162643),(3718,21,58,293721),(3719,21,59,621401),(3721,21,61,375644),(3722,21,62,940890),(3723,21,63,596827),(3724,21,64,605024),(3725,21,65,523105),(3726,21,66,220003),(3727,21,67,162663),(3728,21,68,686953),(3729,21,69,924522),(3730,21,70,891755),(3731,21,71,514925),(3732,21,72,719727),(3733,21,73,138096),(3734,21,74,826224),(3735,21,75,613234),(3736,21,76,23414),(3737,21,77,236406),(3738,21,78,670589),(3739,21,79,252798),(3740,21,80,744322),(3741,21,81,465797),(3742,21,82,97160),(3743,21,83,736137),(3744,21,84,727946),(3745,21,85,646026),(3746,21,86,146316),(3747,21,87,646031),(3748,21,88,768913),(3749,21,89,908178),(3750,21,90,392084),(3751,21,91,883605),(3752,21,92,154518),(3753,21,93,785300),(3754,21,94,162714),(3755,21,95,449435),(3756,21,96,588700),(3757,21,97,916382),(3758,21,98,48031),(3759,21,99,482206),(3760,21,100,736162),(3761,21,101,695203),(3762,21,102,580516),(3763,21,103,973735),(3764,21,104,113577),(3765,21,105,940970),(3766,21,106,367531),(3767,21,107,334763),(3768,21,108,818093),(3769,21,109,490413),(3770,21,110,654253),(3771,21,111,752559),(3772,21,112,252847),(3773,21,113,269236),(3774,21,114,629685),(3775,21,115,416694),(3776,21,116,465847),(3777,21,117,89016),(3778,21,118,138170),(3779,21,119,531388),(3780,21,120,744381),(3781,21,121,433086),(3782,21,122,809919),(3783,21,123,924609),(3784,21,124,7105),(3785,21,125,252866),(3786,21,126,498628),(3787,21,127,220103),(3788,21,128,728007),(3789,21,129,498633),(3790,21,130,97224),(3791,21,131,687055),(3792,21,132,441298),(3793,21,133,711638),(3794,21,134,719832),(3795,21,135,728025),(3796,21,136,842714),(3797,21,137,113627),(3798,21,138,383969),(3799,21,139,424931),(3800,21,140,793574),(3801,21,141,162792),(3802,21,142,785385),(3803,21,143,531439),(3804,21,144,973811),(3805,21,145,465907),(3806,21,146,252919),(3807,21,147,449528),(3808,21,148,433144),(3809,21,149,859133),(3810,21,150,850943),(3811,21,151,580607),(3812,21,152,875522),(3813,21,153,932868),(3814,21,154,105477),(3815,21,155,687108),(3816,21,156,105479),(3817,21,157,941060),(3818,21,158,490506),(3819,21,159,687115),(3820,21,160,302091),(3821,21,161,646157),(3822,21,162,449547),(3823,21,163,285712),(3824,21,164,769041),(3825,21,165,441364),(3826,21,166,572437),(3827,21,167,916502),(3828,21,168,146455),(3829,21,169,228376),(3830,21,170,31768),(3831,21,171,187416),(3832,21,172,580635),(3833,21,173,326684),(3834,21,174,810013),(3835,21,175,179229),(3836,21,176,228382),(3837,21,177,457762),(3838,21,178,875555),(3839,21,179,334883),(3840,21,180,818213),(3841,21,181,990245),(3842,21,182,850982),(3843,21,183,982057),(3844,22,1,146475),(3845,22,2,392236),(3846,22,3,498731),(3847,22,4,474158),(3848,22,5,80942),(3849,22,6,850992),(3850,22,7,113712),(3851,22,8,474162),(3852,22,9,777266),(3853,22,10,859191),(3854,22,11,310328),(3855,22,12,408632),(3856,22,13,302136),(3857,22,14,924727),(3858,22,15,56379),(3859,22,16,605245),(3860,22,17,392254),(3861,22,18,449599),(3862,22,19,48192),(3863,22,20,990277),(3864,22,21,228422),(3865,22,22,941127),(3866,22,23,269384),(3867,22,24,719946),(3868,22,25,719947),(3869,22,26,719948),(3870,22,27,293963),(3871,22,28,949323),(3872,22,29,7247),(3873,22,30,400464),(3874,22,31,949329),(3875,22,32,818258),(3876,22,33,859213),(3877,22,34,752728),(3878,22,35,506968),(3879,22,36,449626),(3880,22,37,613468),(3881,22,38,777309),(3882,22,39,588898),(3883,22,40,72803),(3884,22,41,416870),(3885,22,42,244839),(3886,22,43,695398),(3887,22,44,547945),(3888,22,45,203885),(3889,22,46,244846),(3890,22,47,892014),(3891,22,48,154734),(3892,22,49,547951),(3893,22,50,400500),(3894,22,51,425079),(3895,22,52,785533),(3896,22,53,277633),(3897,22,54,146562),(3898,22,55,842883),(3899,22,56,367747),(3900,22,57,646273),(3901,22,58,277638),(3902,22,59,416903),(3904,22,61,294025),(3905,22,62,826505),(3906,22,63,433291),(3907,22,64,760970),(3908,22,65,15497),(3909,22,66,236683),(3910,22,67,15503),(3911,22,68,122000),(3912,22,69,711825),(3913,22,70,810130),(3914,22,71,646288),(3915,22,72,818321),(3916,22,73,236692),(3917,22,74,375958),(3918,22,75,326804),(3919,22,76,711824),(3920,22,77,818335),(3921,22,78,203938),(3922,22,79,146595),(3923,22,80,736424),(3924,22,81,498857),(3925,22,82,588972),(3926,22,83,515244),(3927,22,84,662700),(3928,22,85,933039),(3929,22,86,752815),(3930,22,87,253109),(3931,22,88,122038),(3932,22,89,277689),(3933,22,90,654522),(3934,22,91,933051),(3935,22,92,146620),(3936,22,93,89277),(3937,22,94,785605),(3938,22,95,105670),(3939,22,96,318662),(3940,22,97,949448),(3941,22,98,679113),(3942,22,99,720072),(3943,22,100,761032),(3944,22,101,662731),(3945,22,102,326861),(3946,22,103,81101),(3947,22,104,744653),(3948,22,105,269520),(3949,22,106,359629),(3950,22,107,810194),(3951,22,108,64723),(3952,22,109,130255),(3953,22,110,802003),(3954,22,111,916688),(3955,22,112,72919),(3956,22,113,621786),(3957,22,114,998620),(3958,22,115,834780),(3959,22,116,97503),(3960,22,117,662753),(3961,22,118,81122),(3962,22,119,335081),(3963,22,120,130281),(3964,22,121,826604),(3965,22,122,597229),(3966,22,123,769262),(3967,22,124,572654),(3968,22,125,523504),(3969,22,126,97521),(3970,22,127,965869),(3971,22,128,15599),(3972,22,129,64757),(3973,22,130,548089),(3974,22,131,744699),(3975,22,132,654591),(3976,22,133,720128),(3977,22,134,490751),(3978,22,135,695554),(3979,22,136,343298),(3980,22,137,507140),(3981,22,138,40200),(3982,22,139,40201),(3983,22,140,253194),(3984,22,141,417035),(3985,22,142,646412),(3986,22,143,933131),(3987,22,144,163086),(3988,22,145,204044),(3989,22,146,810259),(3990,22,147,343323),(3991,22,148,474397),(3992,22,149,449822),(3993,22,150,212255),(3994,22,151,171298),(3995,22,152,195874),(3996,22,153,572712),(3997,22,154,310569),(3998,22,155,138541),(3999,22,156,310574),(4000,22,157,498989),(4001,22,158,884016),(4002,22,159,138542),(4003,22,160,580914),(4004,22,161,949555),(4005,22,162,752948),(4006,22,163,515382),(4007,22,164,851256),(4008,22,165,286009),(4009,22,166,163131),(4010,22,167,64831),(4011,22,168,605505),(4012,22,169,376130),(4013,22,170,277827),(4014,22,171,474434),(4015,22,172,646470),(4016,22,173,605511),(4017,22,174,204103),(4018,22,175,630089),(4019,22,176,933191),(4020,22,177,23883),(4021,22,178,646476),(4022,22,179,728399),(4023,22,180,253264),(4024,22,181,507221),(4025,22,182,56666),(4026,22,183,343389),(4027,23,1,417118),(4028,23,2,752992),(4029,23,3,122210),(4030,23,4,458084),(4031,23,5,638308),(4032,23,6,253284),(4033,23,7,23911),(4034,23,8,359785),(4035,23,9,327017),(4036,23,10,761193),(4037,23,11,875884),(4038,23,12,507245),(4039,23,13,925038),(4040,23,14,687470),(4041,23,15,81264),(4042,23,16,32114),(4043,23,17,7538),(4044,23,18,654708),(4045,23,19,228725),(4046,23,20,433526),(4047,23,21,982390),(4048,23,22,277881),(4049,23,23,974202),(4050,23,24,122236),(4051,23,25,400764),(4052,23,26,712061),(4053,23,27,367998),(4054,23,28,892290),(4055,23,29,613763),(4056,23,30,441731),(4057,23,31,261508),(4058,23,32,769414),(4059,23,33,89482),(4060,23,34,859530),(4061,23,35,974226),(4062,23,36,736667),(4063,23,37,794012),(4064,23,38,343455),(4065,23,39,458146),(4066,23,40,728483),(4067,23,41,802213),(4068,23,42,810406),(4069,23,43,458150),(4070,23,44,245157),(4071,23,45,146865),(4072,23,46,720307),(4073,23,47,908723),(4074,23,48,548276),(4075,23,49,212406),(4076,23,50,622007),(4077,23,51,646585),(4078,23,52,499131),(4079,23,53,630204),(4080,23,54,97724),(4081,23,55,613822),(4082,23,56,630208),(4083,23,57,581056),(4084,23,58,351682),(4085,23,59,818627),(4087,23,61,32196),(4088,23,62,523717),(4089,23,63,335304),(4090,23,64,728522),(4091,23,65,294347),(4092,23,66,351692),(4093,23,67,138701),(4094,23,68,196044),(4095,23,69,359887),(4096,23,70,802256),(4097,23,71,73169),(4098,23,72,998866),(4099,23,73,720338),(4100,23,74,826832),(4101,23,75,490964),(4102,23,76,138708),(4103,23,77,826843),(4104,23,78,384475),(4105,23,79,130527),(4106,23,80,982495),(4107,23,81,450021),(4108,23,82,646630),(4109,23,83,998885),(4110,23,84,310758),(4111,23,85,499177),(4112,23,86,359918),(4113,23,87,228847),(4114,23,88,908783),(4115,23,89,998897),(4116,23,90,835057),(4117,23,91,507380),(4118,23,92,204277),(4119,23,93,450037),(4120,23,94,687605),(4121,23,95,105973),(4122,23,96,327162),(4123,23,97,720379),(4124,23,98,556542),(4125,23,99,957951),(4126,23,100,261631),(4127,23,101,916996),(4128,23,102,654853),(4129,23,103,89606),(4130,23,104,818696),(4131,23,105,663049),(4132,23,106,638475),(4133,23,107,65037),(4134,23,108,245261),(4135,23,109,949781),(4136,23,110,531990),(4137,23,111,867864),(4138,23,112,826904),(4139,23,113,704027),(4140,23,114,359963),(4141,23,115,507420),(4142,23,116,671259),(4143,23,117,892444),(4144,23,118,97824),(4145,23,119,441888),(4146,23,120,540194),(4147,23,121,48676),(4148,23,122,351783),(4149,23,123,474665),(4150,23,124,155179),(4151,23,125,949803),(4152,23,126,785970),(4153,23,127,867894),(4154,23,128,474678),(4155,23,129,499257),(4156,23,130,89658),(4157,23,131,867901),(4158,23,132,835134),(4159,23,133,179776),(4160,23,134,671297),(4161,23,135,663107),(4162,23,136,187972),(4163,23,137,835142),(4164,23,138,187976),(4165,23,139,138825),(4166,23,140,720457),(4167,23,141,450121),(4168,23,142,212558),(4169,23,143,97872),(4170,23,144,179793),(4171,23,145,638547),(4172,23,146,319060),(4173,23,147,859732),(4174,23,148,400985),(4175,23,149,556638),(4176,23,150,917088),(4177,23,151,671329),(4178,23,152,581220),(4179,23,153,188004),(4180,23,154,130660),(4181,23,155,695911),(4182,23,156,949864),(4183,23,157,515692),(4184,23,158,212589),(4185,23,159,433774),(4186,23,160,302703),(4187,23,161,491119),(4188,23,162,237168),(4189,23,163,556656),(4190,23,164,999024),(4191,23,165,859764),(4192,23,166,999029),(4193,23,167,89716),(4194,23,168,294522),(4195,23,169,827004),(4196,23,170,327293),(4197,23,171,941697),(4198,23,172,933509),(4199,23,173,532103),(4200,23,174,614024),(4201,23,175,949898),(4202,23,176,859787),(4203,23,177,319117),(4204,23,178,802446),(4205,23,179,491151),(4206,23,180,245393),(4207,23,181,671381),(4208,23,182,597664),(4209,23,183,581282),(4210,24,1,695972),(4211,24,2,7846),(4212,24,3,32423),(4213,24,4,712359),(4214,24,5,827049),(4215,24,6,761514),(4216,24,7,851627),(4217,24,8,368297),(4218,24,9,40621),(4219,24,10,630446),(4220,24,11,802479),(4221,24,12,614056),(4222,24,13,581298),(4223,24,14,188084),(4224,24,15,122548),(4225,24,16,442038),(4226,24,17,958134),(4227,24,18,868027),(4228,24,19,327356),(4229,24,20,286399),(4230,24,21,614079),(4231,24,22,876225),(4232,24,23,581313),(4233,24,24,278211),(4234,24,25,319172),(4235,24,26,376511),(4236,24,27,270029),(4237,24,28,212686),(4238,24,29,65231),(4239,24,30,802519),(4240,24,31,48859),(4241,24,32,401116),(4242,24,33,73437),(4243,24,34,188123),(4244,24,35,261855),(4245,24,36,401120),(4246,24,37,24289),(4247,24,38,253666),(4248,24,39,974563),(4249,24,40,589545),(4250,24,41,704234),(4251,24,42,941811),(4252,24,43,220916),(4253,24,44,302836),(4254,24,45,319220),(4255,24,46,638718),(4256,24,47,433918),(4257,24,48,548609),(4258,24,49,712451),(4259,24,50,851716),(4260,24,51,622339),(4261,24,52,581379),(4262,24,53,499460),(4263,24,54,65288),(4264,24,55,171785),(4265,24,56,409354),(4266,24,57,909067),(4267,24,58,114444),(4268,24,59,302861),(4270,24,61,843534),(4271,24,62,646927),(4272,24,63,278290),(4273,24,64,876307),(4274,24,65,941842),(4275,24,66,286485),(4276,24,67,810770),(4277,24,68,302871),(4278,24,69,474904),(4279,24,70,409369),(4280,24,71,966426),(4281,24,72,130845),(4282,24,73,352029),(4283,24,74,540447),(4284,24,75,524067),(4285,24,76,474917),(4286,24,77,532263),(4287,24,78,286504),(4288,24,79,646956),(4289,24,80,737069),(4290,24,81,48940),(4291,24,82,671534),(4292,24,83,614188),(4293,24,84,818993),(4294,24,85,196403),(4295,24,86,499510),(4296,24,87,745273),(4297,24,88,220986),(4298,24,89,261946),(4299,24,90,745276),(4300,24,91,900924),(4301,24,92,425787),(4302,24,93,843583),(4303,24,94,556865),(4304,24,95,130882),(4305,24,96,393025),(4306,24,97,638788),(4307,24,98,393031),(4308,24,99,540488),(4309,24,100,368455),(4310,24,101,409420),(4311,24,102,155473),(4312,24,103,393045),(4313,24,104,343894),(4314,24,105,442199),(4315,24,106,712535),(4316,24,107,876377),(4317,24,108,335708),(4318,24,109,163682),(4319,24,110,286568),(4320,24,111,245612),(4321,24,112,851820),(4322,24,113,16241),(4323,24,114,958323),(4324,24,115,98166),(4325,24,116,409463),(4326,24,117,966520),(4327,24,118,753526),(4328,24,119,278394),(4329,24,120,581500),(4330,24,121,728956),(4331,24,122,966528),(4332,24,123,360322),(4333,24,124,40835),(4334,24,125,262021),(4335,24,126,368518),(4336,24,127,925578),(4337,24,128,556941),(4338,24,129,679823),(4339,24,130,868240),(4340,24,131,229269),(4341,24,132,245656),(4342,24,133,876444),(4343,24,134,704413),(4344,24,135,810910),(4345,24,136,294818),(4346,24,137,647075),(4347,24,138,139173),(4348,24,139,466855),(4349,24,140,622505),(4350,24,141,139178),(4351,24,142,483242),(4352,24,143,999340),(4353,24,144,188335),(4354,24,145,581554),(4355,24,146,73652),(4356,24,147,49077),(4357,24,148,286647),(4358,24,149,155576),(4359,24,150,196537),(4360,24,151,860093),(4361,24,152,942014),(4362,24,153,221120),(4363,24,154,81858),(4364,24,155,507843),(4365,24,156,573381),(4366,24,157,344010),(4367,24,158,892885),(4368,24,159,384982),(4369,24,160,835543),(4370,24,161,270296),(4371,24,162,376795),(4372,24,163,147423),(4373,24,164,16351),(4374,24,165,57314),(4375,24,166,335843),(4376,24,167,958436),(4377,24,168,909285),(4378,24,169,729061),(4379,24,170,294887),(4380,24,171,581606),(4381,24,172,655337),(4382,24,173,49129),(4383,24,174,917480),(4384,24,175,507878),(4385,24,176,950253),(4386,24,177,40946),(4387,24,178,720883),(4388,24,179,262132),(4389,24,180,122869),(4390,24,181,679928),(4391,24,182,139261),(4392,24,183,57343);
/*!40000 ALTER TABLE `cases` ENABLE KEYS */;
UNLOCK TABLES;

--
-- Table structure for table `countries`
--

DROP TABLE IF EXISTS `countries`;
/*!40101 SET @saved_cs_client     = @@character_set_client */;
/*!50503 SET character_set_client = utf8mb4 */;
CREATE TABLE `countries` (
  `country_id` int NOT NULL,
  `country_name` varchar(100) NOT NULL,
  `population` int NOT NULL,
  `gdp_health_percent` float NOT NULL,
  PRIMARY KEY (`country_id`)
) ENGINE=InnoDB DEFAULT CHARSET=utf8mb4 COLLATE=utf8mb4_0900_ai_ci;
/*!40101 SET character_set_client = @saved_cs_client */;

--
-- Dumping data for table `countries`
--

LOCK TABLES `countries` WRITE;
/*!40000 ALTER TABLE `countries` DISABLE KEYS */;
INSERT INTO `countries` VALUES (1,'Afghanistan',38972230,15.5336),(2,'Algeria',43451666,6.32118),(3,'Andorra',77700,9.05176),(4,'Angola',33428486,2.91183),(5,'Antigua and Barbuda',92664,5.61473),(6,'Argentina',45376763,9.98438),(7,'Armenia',2805608,12.241),(8,'Australia',25655289,10.649),(9,'Austria',8916864,11.4743),(10,'Azerbaijan',10093121,4.60677),(11,'Bahamas, The',406471,7.59363),(12,'Bahrain',1477469,4.723),(13,'Bangladesh',167420951,2.62801),(14,'Barbados',280693,7.20014),(15,'Belarus',9379952,6.40607),(16,'Belgium',11538604,11.0645),(17,'Belize',394921,6.92426),(18,'Benin',12643123,2.58937),(19,'Bhutan',772506,4.37175),(20,'Bolivia',11936162,7.85706),(21,'Bosnia and Herzegovina',3318407,9.84113),(22,'Botswana',2546402,6.18665),(23,'Brazil',213196304,10.3129),(24,'Brunei Darussalam',441725,2.39378),(25,'Bulgaria',6934015,8.52064),(26,'Burkina Faso',21522626,6.71933),(27,'Burundi',12220227,6.50142),(28,'Cabo Verde',582640,6.01976),(29,'Cambodia',16396860,7.50527),(30,'Cameroon',26491087,3.76583),(31,'Canada',38037204,12.9397),(32,'Central African Republic',5343020,9.40207),(33,'Chad',16644701,5.40749),(34,'Chile',19300315,9.75301),(35,'China',1411100000,5.5936),(36,'Colombia',50930662,8.99294),(37,'Comoros',806166,5.34623),(38,'Congo, Dem. Rep.',92853164,4.05093),(39,'Congo, Rep.',5702174,4.46762),(40,'Costa Rica',5123105,7.85537),(41,'Cote d\'Ivoire',26811790,3.72246),(42,'Croatia',4047680,7.76502),(43,'Cuba',11300698,12.4864),(44,'Cyprus',1237537,8.09348),(45,'Czechia',10697858,9.24007),(46,'Denmark',5831404,10.5282),(47,'Djibouti',1090156,2.00786),(48,'Dominica',71995,5.64583),(49,'Dominican Republic',10999664,4.94),(50,'Ecuador',17588595,8.47677),(51,'Egypt, Arab Rep.',107465134,4.36498),(52,'El Salvador',6292731,9.85178),(53,'Equatorial Guinea',1596049,3.76834),(54,'Estonia',1329522,7.75207),(55,'Eswatini',1180655,6.51153),(56,'Ethiopia',117190911,3.48096),(57,'Fiji',920422,3.74985),(58,'Finland',5529543,9.6135),(59,'France',67571107,12.205),(61,'Gabon',2292573,3.42725),(62,'Gambia, The',2573995,2.61294),(63,'Georgia',3722716,7.60487),(64,'Germany',83160871,12.8225),(65,'Ghana',32180401,3.9903),(66,'Greece',10698599,9.50821),(67,'Grenada',123663,5.82064),(68,'Guatemala',16858333,6.46871),(69,'Guinea',13205153,4.04451),(70,'Guinea-Bissau',2015828,8.40979),(71,'Guyana',797202,5.50864),(72,'Haiti',11306801,3.22171),(73,'Honduras',10121763,9.0351),(74,'Hungary',9750149,7.25031),(75,'Iceland',366463,9.55796),(76,'India',1396387127,2.95919),(77,'Indonesia',271857970,3.41433),(78,'Iran, Islamic Rep.',87290193,5.3358),(79,'Iraq',42556984,5.0849),(80,'Ireland',4985382,7.10144),(81,'Israel',9215100,8.3195),(82,'Italy',59438851,9.63378),(83,'Jamaica',2820436,6.61175),(84,'Japan',126261000,10.9043),(85,'Jordan',10928721,7.46914),(86,'Kazakhstan',18755666,3.78894),(87,'Kenya',51985780,4.29191),(88,'Kiribati',126463,11.6418),(89,'Korea, Rep.',51836239,8.3641),(90,'Kuwait',4360444,6.30743),(91,'Kyrgyz Republic',6579900,5.25934),(92,'Lao PDR',7319399,2.69476),(93,'Latvia',1900449,7.44663),(94,'Lebanon',5662923,7.95366),(95,'Lesotho',2254100,11.7843),(96,'Liberia',5087584,9.49941),(97,'Lithuania',2794885,7.53844),(98,'Luxembourg',630419,5.76746),(99,'Madagascar',28225177,3.87958),(100,'Malawi',19377061,5.434),(101,'Malaysia',33199993,4.12442),(102,'Maldives',514438,11.3472),(103,'Mali',21224040,4.30812),(104,'Malta',515332,10.8352),(105,'Marshall Islands',43413,13.008),(106,'Mauritania',4498604,3.35573),(107,'Mauritius',1265740,6.65996),(108,'Mexico',125998302,6.24215),(109,'Micronesia, Fed. Sts.',112106,11.56),(110,'Moldova',2635130,6.77933),(111,'Monaco',36922,1.67133),(112,'Mongolia',3294335,4.94451),(113,'Montenegro',621306,11.4218),(114,'Morocco',36688772,5.99316),(115,'Mozambique',31178239,7.6194),(116,'Myanmar',53423198,4.62412),(117,'Namibia',2489098,8.89626),(118,'Nauru',12315,11.969),(119,'Nepal',29348627,5.17352),(120,'Netherlands',17441500,11.1359),(121,'New Zealand',5090200,10.0286),(122,'Nicaragua',6755895,8.62855),(123,'Niger',24333639,6.2007),(124,'Nigeria',208327405,3.38063),(125,'North Macedonia',2072531,7.88948),(126,'Norway',5379475,11.4176),(127,'Oman',4543399,5.32572),(128,'Pakistan',227196741,2.9539),(129,'Palau',17972,18.3906),(130,'Panama',4294396,9.66292),(131,'Papua New Guinea',9749640,2.52694),(132,'Paraguay',6618695,7.57704),(133,'Peru',33304756,6.30416),(134,'Philippines',112190977,5.11274),(135,'Poland',37899070,6.4931),(136,'Portugal',10297081,10.5493),(137,'Qatar',2760385,4.18304),(138,'Romania',19265250,6.27236),(139,'Russian Federation',144073139,7.59624),(140,'Rwanda',13146362,7.31562),(141,'Samoa',214929,5.32614),(142,'San Marino',34007,8.69089),(143,'Sao Tome and Principe',218641,4.90671),(144,'Senegal',16436120,5.15119),(145,'Serbia',6899126,8.73162),(146,'Seychelles',98462,6.38917),(147,'Sierra Leone',8233970,8.75637),(148,'Singapore',5685807,6.05388),(149,'Slovak Republic',5458827,7.23213),(150,'Slovenia',2102419,9.45358),(151,'Solomon Islands',691191,4.43218),(152,'South Africa',58801927,8.5833),(153,'Spain',47365655,10.7137),(154,'Sri Lanka',21919000,4.06585),(155,'St. Kitts and Nevis',47642,5.36557),(156,'St. Lucia',179237,6.73803),(157,'St. Vincent and the Grenadines',104632,4.81775),(158,'Sudan',44440486,3.01748),(159,'Suriname',607065,6.77188),(160,'Sweden',10353442,11.3799),(161,'Switzerland',8638167,11.7964),(162,'Tajikistan',9543207,8.17698),(163,'Tanzania',61704518,3.7466),(164,'Thailand',71475664,4.35931),(165,'Timor-Leste',1299995,9.85141),(166,'Togo',8442580,5.96301),(167,'Tonga',105254,5.31754),(168,'Trinidad and Tobago',1518147,7.31458),(169,'Tunisia',12161723,6.34365),(170,'Turkiye',84135428,4.61794),(171,'Tuvalu',11069,21.5392),(172,'Uganda',44404611,3.96207),(173,'Ukraine',44132049,7.61658),(174,'United Arab Emirates',9287289,5.67227),(175,'United Kingdom',67081000,11.9776),(176,'United States',331501080,18.8158),(177,'Uruguay',3429086,9.15207),(178,'Uzbekistan',34232050,6.74741),(179,'Vanuatu',311685,3.96995),(180,'Vietnam',96648685,4.68067),(181,'Zambia',18927715,5.61788),(182,'Zimbabwe',15669666,3.42558),(183,'Turkmenistan',7282321,2.43234);
/*!40000 ALTER TABLE `countries` ENABLE KEYS */;
UNLOCK TABLES;

--
-- Table structure for table `deaths`
--

DROP TABLE IF EXISTS `deaths`;
/*!40101 SET @saved_cs_client     = @@character_set_client */;
/*!50503 SET character_set_client = utf8mb4 */;
CREATE TABLE `deaths` (
  `virus_id` int NOT NULL,
  `country_id` int NOT NULL,
  `death_numbers` int DEFAULT NULL,
  PRIMARY KEY (`virus_id`,`country_id`),
  KEY `country_id` (`country_id`),
  CONSTRAINT `deaths_ibfk_1` FOREIGN KEY (`virus_id`) REFERENCES `viruses` (`virus_id`),
  CONSTRAINT `deaths_ibfk_2` FOREIGN KEY (`country_id`) REFERENCES `countries` (`country_id`)
) ENGINE=InnoDB DEFAULT CHARSET=utf8mb4 COLLATE=utf8mb4_0900_ai_ci;
/*!40101 SET character_set_client = @saved_cs_client */;

--
-- Dumping data for table `deaths`
--

LOCK TABLES `deaths` WRITE;
/*!40000 ALTER TABLE `deaths` DISABLE KEYS */;
INSERT INTO `deaths` VALUES (1,1,57346),(1,2,81924),(1,3,40965),(1,4,16392),(1,5,57356),(1,6,16397),(1,7,65549),(1,8,81936),(1,9,40977),(1,10,73752),(1,11,73753),(1,12,81949),(1,13,24605),(1,14,32800),(1,15,98336),(1,16,24610),(1,17,65572),(1,18,16422),(1,19,90153),(1,20,57386),(1,21,32812),(1,22,49197),(1,23,90158),(1,24,98348),(1,25,90166),(1,26,16441),(1,27,73786),(1,28,65597),(1,29,16446),(1,30,32830),(1,31,98372),(1,32,90180),(1,33,41030),(1,34,65606),(1,35,41028),(1,36,32842),(1,37,57420),(1,38,57422),(1,39,73809),(1,40,16466),(1,41,98387),(1,42,41044),(1,43,57426),(1,44,98391),(1,45,98393),(1,46,41050),(1,47,32858),(1,48,57436),(1,49,82016),(1,50,32866),(1,51,49250),(1,52,65636),(1,53,24682),(1,54,32874),(1,55,24684),(1,56,98414),(1,57,73839),(1,58,65647),(1,59,49265),(1,61,24692),(1,62,65655),(1,63,73849),(1,64,16506),(1,65,57467),(1,66,32890),(1,67,57470),(1,68,90240),(1,69,82049),(1,70,82050),(1,71,57478),(1,72,24711),(1,73,90246),(1,74,73863),(1,75,49289),(1,76,57483),(1,77,57482),(1,78,57486),(1,79,73870),(1,80,24722),(1,81,90258),(1,82,73874),(1,83,32917),(1,84,57493),(1,85,82071),(1,86,98456),(1,87,49305),(1,88,65158),(1,89,82077),(1,90,24737),(1,91,57505),(1,92,16546),(1,93,57508),(1,94,90277),(1,95,16549),(1,96,24739),(1,97,49313),(1,98,41130),(1,99,24746),(1,100,49324),(1,101,65718),(1,102,32952),(1,103,41149),(1,104,82113),(1,105,49348),(1,106,24778),(1,107,24780),(1,108,49359),(1,109,73937),(1,110,65746),(1,111,98516),(1,112,98518),(1,113,49367),(1,114,98520),(1,115,16600),(1,116,57567),(1,117,57568),(1,118,73953),(1,119,24802),(1,120,82147),(1,121,16609),(1,122,24805),(1,123,98533),(1,124,82151),(1,125,32999),(1,126,65763),(1,127,82157),(1,128,33006),(1,129,33007),(1,130,98544),(1,131,73968),(1,132,57589),(1,133,90357),(1,134,65787),(1,135,82171),(1,136,98562),(1,137,73988),(1,138,73991),(1,139,24841),(1,140,41227),(1,141,90381),(1,142,98577),(1,143,33045),(1,144,57622),(1,145,57625),(1,146,57626),(1,147,90395),(1,148,98590),(1,149,82210),(1,150,24866),(1,151,24870),(1,152,74025),(1,153,74027),(1,154,57644),(1,155,90416),(1,156,33073),(1,157,16688),(1,158,74039),(1,159,74041),(1,160,90425),(1,161,41281),(1,162,16709),(1,163,98630),(1,164,16711),(1,165,98632),(1,166,82249),(1,167,57674),(1,168,33099),(1,169,33102),(1,170,41300),(1,171,82261),(1,172,90454),(1,173,74070),(1,174,82265),(1,175,65883),(1,176,16734),(1,177,24927),(1,178,16739),(1,179,49507),(1,180,41316),(1,181,90470),(1,182,49512),(1,183,33129),(2,1,49514),(2,2,41327),(2,3,65905),(2,4,57713),(2,5,57715),(2,6,57720),(2,7,57721),(2,8,33146),(2,9,65913),(2,10,82299),(2,11,65921),(2,12,90499),(2,13,82310),(2,14,16774),(2,15,16776),(2,16,33161),(2,17,41357),(2,18,24976),(2,19,33168),(2,20,82327),(2,21,49566),(2,22,74144),(2,23,82337),(2,24,41377),(2,25,33187),(2,26,24997),(2,27,65959),(2,28,74151),(2,29,57769),(2,30,74155),(2,31,57772),(2,32,25003),(2,33,98734),(2,34,33196),(2,35,49580),(2,36,33201),(2,37,90545),(2,38,49587),(2,39,90548),(2,40,41395),(2,41,90547),(2,42,90551),(2,43,82360),(2,44,41402),(2,45,57789),(2,46,16830),(2,47,16831),(2,48,16832),(2,49,25024),(2,50,25026),(2,51,90563),(2,52,41411),(2,53,65986),(2,54,16836),(2,55,82375),(2,56,33225),(2,57,41418),(2,58,90574),(2,59,41427),(2,61,33237),(2,62,41430),(2,63,66006),(2,64,25045),(2,65,33241),(2,66,16859),(2,67,57821),(2,68,98781),(2,69,57825),(2,70,49633),(2,71,98788),(2,72,41444),(2,73,82406),(2,74,57831),(2,75,49644),(2,76,90605),(2,77,57836),(2,78,74223),(2,79,16380),(2,80,33266),(2,81,49651),(2,82,41461),(2,83,90613),(2,84,49655),(2,85,82426),(2,86,74235),(2,87,57851),(2,88,82433),(2,89,66051),(2,90,33289),(2,91,66058),(2,92,74251),(2,93,49679),(2,94,74256),(2,95,25106),(2,96,33299),(2,97,74260),(2,98,57875),(2,99,98835),(2,100,41492),(2,101,41497),(2,102,49690),(2,103,57882),(2,104,33308),(2,105,66078),(2,106,98847),(2,107,16929),(2,108,25128),(2,109,74282),(2,110,33328),(2,111,33329),(2,112,57906),(2,113,25142),(2,114,49719),(2,115,41532),(2,116,74302),(2,117,74308),(2,118,82501),(2,119,90697),(2,120,90700),(2,121,98894),(2,122,90703),(2,123,41550),(2,124,57937),(2,125,90706),(2,126,74324),(2,127,74327),(2,128,66135),(2,129,33369),(2,130,90715),(2,131,66143),(2,132,74337),(2,133,57956),(2,134,74341),(2,135,25191),(2,136,82537),(2,137,66156),(2,138,41580),(2,139,25197),(2,140,82543),(2,141,90735),(2,142,66161),(2,143,33391),(2,144,17014),(2,145,17015),(2,146,90745),(2,147,57980),(2,148,57981),(2,149,98942),(2,150,90751),(2,151,90756),(2,152,41605),(2,153,66182),(2,154,33417),(2,155,90764),(2,156,98957),(2,157,98959),(2,158,41616),(2,159,49811),(2,160,74390),(2,161,66199),(2,162,17048),(2,163,33434),(2,164,58012),(2,165,90781),(2,166,25245),(2,167,74399),(2,168,82592),(2,169,66206),(2,170,66213),(2,171,74407),(2,172,66216),(2,173,33451),(2,174,74413),(2,175,66225),(2,176,41650),(2,177,25266),(2,178,74418),(2,179,58037),(2,180,33461),(2,181,66229),(2,182,33464),(2,183,17080),(3,1,58038),(3,2,66235),(3,3,66236),(3,4,25277),(3,5,58046),(3,6,41663),(3,7,49847),(3,8,33473),(3,9,41666),(3,10,90819),(3,11,99011),(3,12,90821),(3,13,25286),(3,14,49860),(3,15,33482),(3,16,17099),(3,17,58060),(3,18,74446),(3,19,33487),(3,20,25295),(3,21,41685),(3,22,49880),(3,23,66268),(3,24,17116),(3,25,82654),(3,26,41694),(3,27,17118),(3,28,17117),(3,29,82658),(3,30,99043),(3,31,49892),(3,32,90852),(3,33,49891),(3,34,74473),(3,35,41708),(3,36,74477),(3,37,82672),(3,38,41715),(3,39,49907),(3,40,99059),(3,41,17146),(3,42,82687),(3,43,49920),(3,44,66305),(3,45,99072),(3,46,58119),(3,47,33546),(3,48,74509),(3,49,33552),(3,50,74512),(3,51,90897),(3,52,74515),(3,53,41751),(3,54,58138),(3,55,90907),(3,56,49946),(3,57,49949),(3,58,33573),(3,59,74535),(3,61,82733),(3,62,82734),(3,63,90931),(3,64,49972),(3,65,90933),(3,66,90936),(3,67,82744),(3,68,82746),(3,69,66363),(3,70,58173),(3,71,99134),(3,72,41791),(3,73,41794),(3,74,25414),(3,75,49991),(3,76,82759),(3,77,66377),(3,78,33613),(3,79,90959),(3,80,25423),(3,81,17231),(3,82,41817),(3,83,58202),(3,84,25436),(3,85,33628),(3,86,41822),(3,87,50016),(3,88,25443),(3,89,90982),(3,90,66408),(3,91,90984),(3,92,74602),(3,93,33643),(3,94,66412),(3,95,82795),(3,96,58228),(3,97,50039),(3,98,99191),(3,99,66425),(3,100,74617),(3,101,82812),(3,102,41853),(3,103,99200),(3,104,91012),(3,105,74630),(3,106,82825),(3,107,82826),(3,108,74637),(3,109,50062),(3,110,41872),(3,111,17297),(3,112,33682),(3,113,17299),(3,114,66452),(3,115,41874),(3,116,41878),(3,117,99222),(3,118,66456),(3,119,66457),(3,120,58263),(3,121,82843),(3,122,50076),(3,123,41890),(3,124,74663),(3,125,41897),(3,126,82859),(3,127,82860),(3,128,17327),(3,129,91056),(3,130,91058),(3,131,33715),(3,132,25524),(3,133,17332),(3,134,58297),(3,135,25529),(3,136,33723),(3,137,91068),(3,138,91067),(3,139,91070),(3,140,58308),(3,141,25541),(3,142,33734),(3,143,58317),(3,144,58318),(3,145,74705),(3,146,99282),(3,147,17363),(3,148,74710),(3,149,25563),(3,150,66524),(3,151,99294),(3,152,99295),(3,153,82910),(3,154,17377),(3,155,82918),(3,156,17382),(3,157,33776),(3,158,66545),(3,159,17393),(3,160,91125),(3,161,74743),(3,162,66554),(3,163,82939),(3,164,17404),(3,165,91133),(3,166,66558),(3,167,82944),(3,168,33793),(3,169,58372),(3,170,99337),(3,171,33802),(3,172,17421),(3,173,17425),(3,174,42003),(3,175,42005),(3,176,74773),(3,177,99357),(3,178,91165),(3,179,25631),(3,180,25632),(3,181,66593),(3,182,42019),(3,183,91172),(4,1,74788),(4,2,74797),(4,3,17454),(4,4,58414),(4,5,17456),(4,6,58417),(4,7,17461),(4,8,58422),(4,9,99381),(4,10,66621),(4,11,66622),(4,12,99392),(4,13,50241),(4,14,66629),(4,15,74822),(4,16,25669),(4,17,33861),(4,18,58441),(4,19,91205),(4,20,17483),(4,21,99397),(4,22,66630),(4,23,91214),(4,24,99407),(4,25,99412),(4,26,66645),(4,27,25686),(4,28,66647),(4,29,74840),(4,30,83029),(4,31,58458),(4,32,17498),(4,33,99420),(4,34,25691),(4,35,25694),(4,36,91227),(4,37,91230),(4,38,50272),(4,39,17509),(4,40,17510),(4,41,42089),(4,42,17516),(4,43,74860),(4,44,42093),(4,45,17521),(4,46,58482),(4,47,83059),(4,48,50293),(4,49,42102),(4,50,74871),(4,51,50296),(4,52,25721),(4,53,91260),(4,54,50304),(4,55,99457),(4,56,58498),(4,57,91271),(4,58,50313),(4,59,58509),(4,61,42133),(4,62,74901),(4,63,83093),(4,64,58518),(4,65,91292),(4,66,66719),(4,67,83105),(4,68,58531),(4,69,74916),(4,70,83108),(4,71,66731),(4,72,58540),(4,73,33965),(4,74,25774),(4,75,74925),(4,76,58543),(4,77,58546),(4,78,74936),(4,79,25789),(4,80,66750),(4,81,74943),(4,82,25795),(4,83,66756),(4,84,50373),(4,85,42184),(4,86,74952),(4,87,33992),(4,88,66763),(4,89,58572),(4,90,17610),(4,91,66766),(4,92,58575),(4,93,66764),(4,94,74961),(4,95,42191),(4,96,83155),(4,97,74966),(4,98,17624),(4,99,99545),(4,100,74970),(4,101,83160),(4,102,66780),(4,103,58592),(4,104,17634),(4,105,66792),(4,106,34026),(4,107,74987),(4,108,50416),(4,109,58609),(4,110,25844),(4,111,50421),(4,112,99574),(4,113,99576),(4,114,83194),(4,115,34043),(4,116,58621),(4,117,91395),(4,118,91396),(4,119,83207),(4,120,75016),(4,121,75017),(4,122,99598),(4,123,91408),(4,124,99605),(4,125,17688),(4,126,66840),(4,127,50458),(4,128,50459),(4,129,66844),(4,130,58653),(4,131,17694),(4,132,42271),(4,133,66848),(4,134,66849),(4,135,17697),(4,136,50465),(4,137,34084),(4,138,66846),(4,139,34092),(4,140,66863),(4,141,99632),(4,142,91443),(4,143,42293),(4,144,91446),(4,145,34102),(4,146,50491),(4,147,17723),(4,148,66876),(4,149,83265),(4,150,99651),(4,151,25924),(4,152,66886),(4,153,25928),(4,154,91465),(4,155,50506),(4,156,42314),(4,157,50507),(4,158,75085),(4,159,17741),(4,160,25938),(4,161,66899),(4,162,91474),(4,163,34134),(4,164,99674),(4,165,99676),(4,166,99677),(4,167,17760),(4,168,91489),(4,169,17765),(4,170,42343),(4,171,99687),(4,172,75111),(4,173,17772),(4,174,50540),(4,175,83314),(4,176,50547),(4,177,91508),(4,178,34165),(4,179,66930),(4,180,75123),(4,181,42363),(4,182,17790),(4,183,50560),(5,1,34176),(5,2,75142),(5,3,83335),(5,4,91528),(5,5,83340),(5,6,17805),(5,7,99726),(5,8,66959),(5,9,75149),(5,10,26001),(5,11,91537),(5,12,50577),(5,13,83353),(5,14,91547),(5,15,75163),(5,16,50592),(5,17,50595),(5,18,17828),(5,19,75173),(5,20,42410),(5,21,75190),(5,22,17847),(5,23,42422),(5,24,75196),(5,25,67005),(5,26,50621),(5,27,50622),(5,28,99774),(5,29,58817),(5,30,75202),(5,31,34242),(5,32,91586),(5,33,75205),(5,34,99781),(5,35,26059),(5,36,99787),(5,37,34253),(5,38,67027),(5,39,50647),(5,40,58840),(5,41,83416),(5,42,58841),(5,43,83417),(5,44,17884),(5,45,26076),(5,46,91612),(5,47,26080),(5,48,75233),(5,49,83427),(5,50,34277),(5,51,75238),(5,52,26088),(5,53,99821),(5,54,58862),(5,55,83440),(5,56,34290),(5,57,91634),(5,58,75250),(5,59,42486),(5,61,91641),(5,62,75260),(5,63,50685),(5,64,75266),(5,65,42498),(5,66,75269),(5,67,67078),(5,68,58890),(5,69,75275),(5,70,67084),(5,71,91660),(5,72,50701),(5,73,34318),(5,74,75280),(5,75,50704),(5,76,50706),(5,77,34322),(5,78,67095),(5,79,42521),(5,80,26139),(5,81,17948),(5,82,99869),(5,83,91681),(5,84,99873),(5,85,17955),(5,86,99876),(5,87,26146),(5,88,67110),(5,89,58919),(5,90,67113),(5,91,75306),(5,92,67116),(5,93,99885),(5,94,42546),(5,95,50746),(5,96,26170),(5,97,99905),(5,98,67141),(5,99,67144),(5,100,99912),(5,101,42570),(5,102,91725),(5,103,26190),(5,104,17999),(5,105,42575),(5,106,26192),(5,107,91730),(5,108,34381),(5,109,26196),(5,110,42574),(5,111,67158),(5,112,26199),(5,113,83544),(5,114,18009),(5,115,42584),(5,116,26203),(5,117,91740),(5,118,18013),(5,119,91742),(5,120,34391),(5,121,42590),(5,122,91746),(5,123,99939),(5,124,34402),(5,125,42598),(5,126,34407),(5,127,50792),(5,128,26216),(5,129,99946),(5,130,18027),(5,131,67182),(5,132,18031),(5,133,42609),(5,134,58994),(5,135,99955),(5,136,58995),(5,137,91762),(5,138,18033),(5,139,91761),(5,140,91768),(5,141,18042),(5,142,67195),(5,143,18044),(5,144,34429),(5,145,18046),(5,146,50815),(5,147,83583),(5,148,67202),(5,149,18057),(5,150,50826),(5,151,26250),(5,152,83599),(5,153,83600),(5,154,91792),(5,155,26258),(5,156,26260),(5,157,91797),(5,158,42646),(5,159,75412),(5,160,34454),(5,161,34463),(5,162,50849),(5,163,50850),(5,164,50852),(5,165,18085),(5,166,26280),(5,167,75436),(5,168,26289),(5,169,34484),(5,170,50869),(5,171,75447),(5,172,50872),(5,173,59065),(5,174,18107),(5,175,75452),(5,176,75454),(5,177,59071),(5,178,34498),(5,179,26307),(5,180,91844),(5,181,50886),(5,182,34503),(5,183,75466),(6,1,75467),(6,2,83660),(6,3,67275),(6,4,34511),(6,5,59088),(6,6,67282),(6,7,83666),(6,8,91861),(6,9,26326),(6,10,59093),(6,11,34519),(6,12,67289),(6,13,91865),(6,14,59099),(6,15,50905),(6,16,26332),(6,17,91872),(6,18,83681),(6,19,75489),(6,20,59108),(6,21,67301),(6,22,91878),(6,23,75495),(6,24,34540),(6,25,91885),(6,26,18157),(6,27,91888),(6,28,50928),(6,29,67313),(6,30,42739),(6,31,91891),(6,32,34547),(6,33,26356),(6,34,50932),(6,35,67323),(6,36,42747),(6,37,67324),(6,38,50942),(6,39,42751),(6,40,75525),(6,41,67333),(6,42,34565),(6,43,18184),(6,44,75529),(6,45,50958),(6,46,10000),(6,47,42770),(6,48,34581),(6,49,67350),(6,50,67354),(6,51,42778),(6,52,67357),(6,53,75550),(6,54,83743),(6,55,75554),(6,56,67363),(6,57,67362),(6,58,91939),(6,59,42791),(6,61,18217),(6,62,26412),(6,63,42798),(6,64,34607),(6,65,83759),(6,66,59182),(6,67,10037),(6,68,75574),(6,69,34616),(6,70,26424),(6,71,91962),(6,72,26427),(6,73,42812),(6,74,42808),(6,75,67390),(6,76,10046),(6,77,42815),(6,78,18241),(6,79,67397),(6,80,42822),(6,81,10057),(6,82,59209),(6,83,42830),(6,84,59215),(6,85,26448),(6,86,67411),(6,87,91992),(6,88,83800),(6,89,75610),(6,90,26459),(6,91,42842),(6,92,10073),(6,93,67418),(6,94,91996),(6,95,83810),(6,96,51043),(6,97,59236),(6,98,67429),(6,99,92010),(6,100,26475),(6,101,18287),(6,102,42863),(6,103,75633),(6,104,92018),(6,105,75635),(6,106,42870),(6,107,18295),(6,108,51064),(6,109,92032),(6,110,59264),(6,111,75651),(6,112,59269),(6,113,67467),(6,114,92043),(6,115,59275),(6,116,67472),(6,117,75665),(6,118,10128),(6,119,34711),(6,120,26525),(6,121,59294),(6,122,83871),(6,123,34719),(6,124,67490),(6,125,83875),(6,126,51108),(6,127,18338),(6,128,83878),(6,129,10149),(6,130,59304),(6,131,59305),(6,132,59306),(6,133,42923),(6,134,42926),(6,135,51120),(6,136,92081),(6,137,51123),(6,138,26550),(6,139,83895),(6,140,67510),(6,141,83898),(6,142,67515),(6,143,59323),(6,144,59326),(6,145,34751),(6,146,18374),(6,147,59335),(6,148,92104),(6,149,34761),(6,150,34758),(6,151,59338),(6,152,42959),(6,153,51156),(6,154,51157),(6,155,92121),(6,156,51161),(6,157,34779),(6,158,75740),(6,159,83933),(6,160,59359),(6,161,42975),(6,162,75745),(6,163,51167),(6,164,26595),(6,165,67558),(6,166,75750),(6,167,67560),(6,168,83945),(6,169,92138),(6,170,26603),(6,171,34790),(6,172,59381),(6,173,67576),(6,174,92154),(6,175,34811),(6,176,43004),(6,177,43005),(6,178,10236),(6,179,51204),(6,180,26630),(6,181,83977),(6,182,83979),(6,183,26636),(7,1,75792),(7,2,92177),(7,3,83985),(7,4,43027),(7,5,83987),(7,6,67605),(7,7,43026),(7,8,34839),(7,9,51224),(7,10,10263),(7,11,43032),(7,12,18457),(7,13,43033),(7,14,92189),(7,15,75807),(7,16,84004),(7,17,67623),(7,18,92199),(7,19,26667),(7,20,10283),(7,21,59436),(7,22,67630),(7,23,67633),(7,24,18482),(7,25,43059),(7,26,51251),(7,27,67637),(7,28,59445),(7,29,59457),(7,30,43075),(7,31,43076),(7,32,67651),(7,33,67654),(7,34,10311),(7,35,92234),(7,36,10315),(7,37,10316),(7,38,59469),(7,39,26698),(7,40,84043),(7,41,34892),(7,42,75857),(7,43,75860),(7,44,59476),(7,45,10326),(7,46,84055),(7,47,34910),(7,48,34913),(7,49,43114),(7,50,59499),(7,51,92271),(7,52,34929),(7,53,18548),(7,54,10356),(7,55,59513),(7,56,18557),(7,57,84095),(7,58,84097),(7,59,18561),(7,61,75908),(7,62,34956),(7,63,59536),(7,64,43153),(7,65,43157),(7,66,92312),(7,67,67736),(7,68,26777),(7,69,34971),(7,70,67743),(7,71,75937),(7,72,67745),(7,73,92324),(7,74,10409),(7,75,92330),(7,76,43184),(7,77,59569),(7,78,67763),(7,79,18611),(7,80,67765),(7,81,10423),(7,82,59578),(7,83,84157),(7,84,84158),(7,85,35007),(7,86,35009),(7,87,84163),(7,88,84165),(7,89,35014),(7,90,59589),(7,91,67784),(7,92,84171),(7,93,35021),(7,94,18640),(7,95,84177),(7,96,10451),(7,97,84180),(7,98,92373),(7,99,75990),(7,100,67798),(7,101,18648),(7,102,43226),(7,103,26843),(7,104,92380),(7,105,10461),(7,106,18655),(7,107,84191),(7,108,10464),(7,109,76003),(7,110,10467),(7,111,59619),(7,112,92390),(7,113,10470),(7,114,18666),(7,115,10476),(7,116,43246),(7,117,51438),(7,118,26865),(7,119,18680),(7,120,43258),(7,121,51451),(7,122,67834),(7,123,35070),(7,124,84223),(7,125,18689),(7,126,67841),(7,127,76046),(7,128,51470),(7,129,84240),(7,130,67857),(7,131,35089),(7,132,10515),(7,133,92437),(7,134,92438),(7,135,92439),(7,136,18716),(7,137,35101),(7,138,84254),(7,139,10525),(7,140,43296),(7,141,18721),(7,142,67884),(7,143,35122),(7,144,67890),(7,145,76084),(7,146,84274),(7,147,18744),(7,148,35130),(7,149,10555),(7,150,26939),(7,151,18749),(7,152,92477),(7,153,85138),(7,154,59713),(7,155,59714),(7,156,76099),(7,157,43331),(7,158,84289),(7,159,92486),(7,160,51528),(7,161,84298),(7,162,18763),(7,163,67916),(7,164,18766),(7,165,59727),(7,166,51535),(7,167,84305),(7,168,76113),(7,169,18767),(7,170,67926),(7,171,18775),(7,172,26971),(7,173,43361),(7,174,18785),(7,175,43364),(7,176,67941),(7,177,18790),(7,178,84327),(7,179,51559),(7,180,84329),(7,181,51556),(7,182,59755),(7,183,84332),(8,1,76143),(8,2,59761),(8,3,59762),(8,4,84339),(8,5,10610),(8,6,76149),(8,7,92534),(8,8,92533),(8,9,27000),(8,10,51580),(8,11,84350),(8,12,35198),(8,13,43392),(8,14,43393),(8,15,43394),(8,16,18820),(8,17,10629),(8,18,10633),(8,19,67979),(8,20,18831),(8,21,67984),(8,22,92561),(8,23,18834),(8,24,76181),(8,25,92565),(8,26,84377),(8,27,84378),(8,28,92570),(8,29,35228),(8,30,67994),(8,31,51614),(8,32,10655),(8,33,10658),(8,34,43427),(8,35,92580),(8,36,92581),(8,37,51621),(8,38,10661),(8,39,51622),(8,40,92586),(8,41,84399),(8,42,35248),(8,43,43440),(8,44,59830),(8,45,35254),(8,46,92600),(8,47,76217),(8,48,35259),(8,49,43452),(8,50,35262),(8,51,68030),(8,52,68037),(8,53,43465),(8,54,35278),(8,55,84431),(8,56,76239),(8,57,92625),(8,58,51666),(8,59,51667),(8,61,43476),(8,62,59862),(8,63,59863),(8,64,27094),(8,65,43481),(8,66,10708),(8,67,18900),(8,68,18909),(8,69,51678),(8,70,76255),(8,71,59872),(8,72,84450),(8,73,59874),(8,74,35300),(8,75,68069),(8,76,10726),(8,77,43495),(8,78,10734),(8,79,27118),(8,80,92657),(8,81,35314),(8,82,76277),(8,83,10742),(8,84,92663),(8,85,92668),(8,86,27133),(8,87,59903),(8,88,51711),(8,89,92674),(8,90,59908),(8,91,43525),(8,92,10758),(8,93,68104),(8,94,35337),(8,95,68108),(8,96,92685),(8,97,43534),(8,98,76304),(8,99,84496),(8,100,84498),(8,101,68115),(8,102,43539),(8,103,76309),(8,104,43540),(8,105,35351),(8,106,68119),(8,107,92697),(8,108,18961),(8,109,84508),(8,110,43549),(8,111,59933),(8,112,84511),(8,113,68125),(8,114,27170),(8,115,35367),(8,116,59946),(8,117,84523),(8,118,10796),(8,119,84525),(8,120,10798),(8,121,51758),(8,122,27179),(8,123,76334),(8,124,18994),(8,125,43572),(8,126,76341),(8,127,59962),(8,128,43579),(8,129,68154),(8,130,35391),(8,131,51776),(8,132,59968),(8,133,27201),(8,134,35395),(8,135,76354),(8,136,27199),(8,137,68163),(8,138,68167),(8,139,35399),(8,140,76362),(8,141,10827),(8,142,92746),(8,143,27211),(8,144,59983),(8,145,27215),(8,146,84559),(8,147,27218),(8,148,43599),(8,149,76371),(8,150,76374),(8,151,59990),(8,152,51800),(8,153,10840),(8,154,59995),(8,155,84573),(8,156,51808),(8,157,60003),(8,158,60008),(8,159,27240),(8,160,43626),(8,161,27243),(8,162,60013),(8,163,10862),(8,164,27247),(8,165,10867),(8,166,68214),(8,167,10871),(8,168,27258),(8,169,35451),(8,170,35450),(8,171,76414),(8,172,27263),(8,173,35458),(8,174,84612),(8,175,68230),(8,176,19079),(8,177,76423),(8,178,27274),(8,179,68235),(8,180,84622),(8,181,76433),(8,182,27281),(8,183,84627),(9,1,92820),(9,2,84629),(9,3,60054),(9,4,51863),(9,5,60053),(9,6,10903),(9,7,35483),(9,8,84637),(9,9,27294),(9,10,10909),(9,11,43682),(9,12,27300),(9,13,19109),(9,14,10918),(9,15,68266),(9,16,84654),(9,17,35503),(9,18,60081),(9,19,43702),(9,20,68281),(9,21,84666),(9,22,84667),(9,23,51898),(9,24,19129),(9,25,84670),(9,26,68291),(9,27,10950),(9,28,10952),(9,29,51914),(9,30,92874),(9,31,27340),(9,32,19149),(9,33,51923),(9,34,92884),(9,35,19157),(9,36,43733),(9,37,76506),(9,38,19164),(9,39,43742),(9,40,84703),(9,41,27359),(9,42,76521),(9,43,68330),(9,44,10993),(9,45,51955),(9,46,68344),(9,47,92925),(9,48,60160),(9,49,76545),(9,50,92929),(9,51,60167),(9,52,76551),(9,53,60169),(9,54,27402),(9,55,68363),(9,56,19210),(9,57,19207),(9,58,35591),(9,59,84753),(9,61,68370),(9,62,60180),(9,63,68371),(9,64,43798),(9,65,92950),(9,66,51992),(9,67,19227),(9,68,92961),(9,69,84772),(9,70,84775),(9,71,27432),(9,72,68395),(9,73,35628),(9,74,92975),(9,75,92977),(9,76,11060),(9,77,60213),(9,78,11063),(9,79,19257),(9,80,19258),(9,81,92989),(9,82,68414),(9,83,84799),(9,84,76610),(9,85,76613),(9,86,68422),(9,87,84805),(9,88,35659),(9,89,68428),(9,90,35661),(9,91,19280),(9,92,68432),(9,93,19286),(9,94,11096),(9,95,27482),(9,96,60254),(9,97,84831),(9,98,27488),(9,99,84834),(9,100,93026),(9,101,68451),(9,102,19301),(9,103,52066),(9,104,76647),(9,105,76652),(9,106,76654),(9,107,52078),(9,108,60273),(9,109,27506),(9,110,76659),(9,111,84851),(9,112,76661),(9,113,60277),(9,114,35703),(9,115,11122),(9,116,76665),(9,117,27505),(9,118,76668),(9,119,76669),(9,120,93052),(9,121,76671),(9,122,52097),(9,123,11137),(9,124,68482),(9,125,93061),(9,126,11143),(9,127,93064),(9,128,84873),(9,129,52106),(9,130,27532),(9,131,27533),(9,132,52109),(9,133,27535),(9,134,43919),(9,135,35729),(9,136,11154),(9,137,76689),(9,138,68492),(9,139,19349),(9,140,93079),(9,141,19352),(9,142,93082),(9,143,84894),(9,144,27551),(9,145,11168),(9,146,93089),(9,147,27555),(9,148,27557),(9,149,60325),(9,150,43943),(9,151,43947),(9,152,19373),(9,153,84912),(9,154,11187),(9,155,43961),(9,156,19387),(9,157,11197),(9,158,19391),(9,159,93120),(9,160,60355),(9,161,43972),(9,162,93127),(9,163,60362),(9,164,52171),(9,165,93134),(9,166,60367),(9,167,27599),(9,168,27604),(9,169,35798),(9,170,43991),(9,171,11224),(9,172,11227),(9,173,19419),(9,174,35806),(9,175,52192),(9,176,35811),(9,177,44004),(9,178,19430),(9,179,93158),(9,180,68587),(9,181,98300),(9,182,93164),(9,183,44011),(10,1,93167),(10,2,60401),(10,3,19442),(10,4,35826),(10,5,60404),(10,6,84980),(10,7,27638),(10,8,11255),(10,9,44017),(10,10,93178),(10,11,11259),(10,12,52229),(10,13,52236),(10,14,19469),(10,15,60430),(10,16,85007),(10,17,93196),(10,18,44049),(10,19,60434),(10,20,27667),(10,21,35857),(10,22,60437),(10,23,52240),(10,24,11289),(10,25,52251),(10,26,19485),(10,27,85022),(10,28,60445),(10,29,60449),(10,30,85026),(10,31,93219),(10,32,85029),(10,33,19494),(10,34,68646),(10,35,35880),(10,36,76841),(10,37,93221),(10,38,60453),(10,39,11308),(10,40,68653),(10,41,35886),(10,42,68655),(10,43,44077),(10,44,44080),(10,45,93225),(10,46,93235),(10,47,93236),(10,48,68659),(10,49,35894),(10,50,76858),(10,51,60475),(10,52,85052),(10,53,35901),(10,54,27710),(10,55,68669),(10,56,19519),(10,57,68671),(10,58,35904),(10,59,35900),(10,61,35921),(10,62,35922),(10,63,52310),(10,64,52316),(10,65,93276),(10,66,93279),(10,67,44127),(10,68,68707),(10,69,27748),(10,70,93285),(10,71,68712),(10,72,52328),(10,73,27754),(10,74,27757),(10,75,11375),(10,76,35953),(10,77,11384),(10,78,52344),(10,79,19580),(10,80,44157),(10,81,52351),(10,82,35975),(10,83,44168),(10,84,35980),(10,85,76940),(10,86,68748),(10,87,60559),(10,88,19597),(10,89,19601),(10,90,11409),(10,91,52371),(10,92,27796),(10,93,93328),(10,94,35989),(10,95,44181),(10,96,44184),(10,97,85144),(10,98,76954),(10,99,35993),(10,100,19612),(10,101,44198),(10,102,27815),(10,103,36009),(10,104,19626),(10,105,76971),(10,106,19628),(10,107,19627),(10,108,27822),(10,109,11439),(10,110,68784),(10,111,44203),(10,112,85170),(10,113,85162),(10,114,52404),(10,115,68789),(10,116,93367),(10,117,36024),(10,118,93371),(10,119,60604),(10,120,85185),(10,121,68802),(10,122,60614),(10,123,76999),(10,124,19655),(10,125,27848),(10,126,68808),(10,127,76998),(10,128,52430),(10,129,52433),(10,130,77010),(10,131,27859),(10,132,52436),(10,133,36049),(10,134,77018),(10,135,93403),(10,136,93404),(10,137,36059),(10,138,11483),(10,139,36065),(10,140,27876),(10,141,27878),(10,142,27880),(10,143,19689),(10,144,52458),(10,145,44264),(10,146,93420),(10,147,85234),(10,148,93426),(10,149,60668),(10,150,85247),(10,151,27904),(10,152,77058),(10,153,93443),(10,154,27911),(10,155,93447),(10,156,85257),(10,157,60683),(10,158,27916),(10,159,77069),(10,160,27923),(10,161,77083),(10,162,44315),(10,163,77085),(10,164,11550),(10,165,52510),(10,166,93470),(10,167,27934),(10,168,60705),(10,169,19745),(10,170,19751),(10,171,19752),(10,172,27947),(10,173,68912),(10,174,11568),(10,175,52530),(10,176,52529),(10,177,68916),(10,178,36148),(10,179,77115),(10,180,85308),(10,181,52542),(10,182,77123),(10,183,85318),(11,1,44359),(11,2,93512),(11,3,52553),(11,4,68937),(11,5,77131),(11,6,60751),(11,7,77138),(11,8,60755),(11,9,44372),(11,10,44373),(11,11,44371),(11,12,19799),(11,13,19800),(11,14,77145),(11,15,27991),(11,16,36186),(11,17,27996),(11,18,44381),(11,19,27997),(11,20,68963),(11,21,77158),(11,22,77162),(11,23,77163),(11,24,44400),(11,25,77170),(11,26,52598),(11,27,77174),(11,28,19830),(11,29,60795),(11,30,68987),(11,31,85379),(11,32,68998),(11,33,77190),(11,34,69001),(11,35,60811),(11,36,19858),(11,37,69011),(11,38,36244),(11,39,36248),(11,40,44443),(11,41,69020),(11,42,11677),(11,43,93598),(11,44,11676),(11,45,19873),(11,46,93603),(11,47,52644),(11,48,36264),(11,49,85417),(11,50,11689),(11,51,93610),(11,52,93612),(11,53,60843),(11,54,85418),(11,55,36271),(11,56,11691),(11,57,60849),(11,58,77228),(11,59,11702),(11,61,77241),(11,62,77245),(11,63,93631),(11,64,11715),(11,65,28102),(11,66,52678),(11,67,36294),(11,68,85446),(11,69,44491),(11,70,44494),(11,71,85454),(11,72,11729),(11,73,36306),(11,74,52690),(11,75,77268),(11,76,44502),(11,77,36311),(11,78,28120),(11,79,19929),(11,80,52697),(11,81,28123),(11,82,52701),(11,83,19934),(11,84,52702),(11,85,11744),(11,86,60897),(11,87,69089),(11,88,28131),(11,89,69092),(11,90,28132),(11,91,69094),(11,92,19936),(11,93,60898),(11,94,60901),(11,95,11750),(11,96,52715),(11,97,93676),(11,98,11757),(11,99,11759),(11,100,36338),(11,101,60914),(11,102,44532),(11,103,60917),(11,104,77304),(11,105,36345),(11,106,28154),(11,107,19966),(11,108,60930),(11,109,11780),(11,110,19973),(11,111,85510),(11,112,19972),(11,113,77320),(11,114,77321),(11,115,93706),(11,116,77323),(11,117,60942),(11,118,44562),(11,119,44563),(11,120,36373),(11,121,52758),(11,122,85529),(11,123,44569),(11,124,77342),(11,125,28191),(11,126,11809),(11,127,85539),(11,128,36387),(11,129,36390),(11,130,77350),(11,131,11814),(11,132,44583),(11,133,11825),(11,134,60978),(11,135,77363),(11,136,28212),(11,137,52789),(11,138,28218),(11,139,69182),(11,140,36419),(11,141,36424),(11,142,69194),(11,143,93774),(11,144,20050),(11,145,69204),(11,146,44631),(11,147,11863),(11,148,61017),(11,149,28251),(11,150,52827),(11,151,36446),(11,152,77409),(11,153,11875),(11,154,44644),(11,155,52839),(11,156,20072),(11,157,77416),(11,158,20074),(11,159,20073),(11,160,36461),(11,161,61040),(11,162,85617),(11,163,52850),(11,164,93810),(11,165,36466),(11,166,11888),(11,167,69232),(11,168,85624),(11,169,20095),(11,170,28288),(11,171,11905),(11,172,12135),(11,173,85647),(11,174,11919),(11,175,44689),(11,176,20114),(11,177,93849),(11,178,52891),(11,179,20124),(11,180,77468),(11,181,69280),(11,182,61088),(11,183,20130),(12,1,11939),(12,2,20131),(12,3,44707),(12,4,85670),(12,5,93862),(12,6,93863),(12,7,52903),(12,8,93868),(12,9,52913),(12,10,44721),(12,11,20147),(12,12,20150),(12,13,85687),(12,14,61112),(12,15,36537),(12,16,93878),(12,17,77500),(12,18,61120),(12,19,93892),(12,20,69323),(12,21,61131),(12,22,44750),(12,23,36566),(12,24,36567),(12,25,44758),(12,26,69336),(12,27,85724),(12,28,61149),(12,29,20196),(12,30,28388),(12,31,85736),(12,32,36584),(12,33,93928),(12,34,20203),(12,35,28402),(12,36,12020),(12,37,44788),(12,38,93945),(12,39,20219),(12,40,69377),(12,41,77570),(12,42,28418),(12,43,69380),(12,44,44804),(12,45,85766),(12,46,28422),(12,47,44811),(12,48,61195),(12,49,85773),(12,50,69391),(12,51,28435),(12,52,28436),(12,53,69406),(12,54,44835),(12,55,20259),(12,56,69413),(12,57,28456),(12,58,20265),(12,59,12077),(12,61,20271),(12,62,44845),(12,63,20274),(12,64,53043),(12,65,69427),(12,66,12084),(12,67,36662),(12,68,85815),(12,69,85816),(12,70,12088),(12,71,36664),(12,72,12092),(12,73,53054),(12,74,77633),(12,75,44865),(12,76,44867),(12,77,94017),(12,78,28486),(12,79,94022),(12,80,12104),(12,81,44873),(12,82,28492),(12,83,94029),(12,84,12108),(12,85,28498),(12,86,53075),(12,87,20308),(12,88,53077),(12,89,85846),(12,90,61271),(12,91,20312),(12,92,85852),(12,93,77663),(12,94,44901),(12,95,36710),(12,96,69477),(12,97,12134),(12,98,94053),(12,99,20330),(12,100,77675),(12,101,69483),(12,102,61292),(12,103,77678),(12,104,28527),(12,105,28528),(12,106,44912),(12,107,20329),(12,108,12140),(12,109,85871),(12,110,77690),(12,111,77691),(12,112,53115),(12,113,28545),(12,114,36739),(12,115,44932),(12,116,20358),(12,117,94086),(12,118,28553),(12,119,94091),(12,120,12174),(12,121,28559),(12,122,61330),(12,123,94099),(12,124,12179),(12,125,77718),(12,126,53143),(12,127,69528),(12,128,77721),(12,129,20378),(12,130,69531),(12,131,36764),(12,132,20382),(12,133,12192),(12,134,20386),(12,135,20387),(12,136,77731),(12,137,94117),(12,138,61350),(12,139,77730),(12,140,53161),(12,141,53163),(12,142,36782),(12,143,77743),(12,144,53168),(12,145,61358),(12,146,20403),(12,147,69557),(12,148,85945),(12,149,12219),(12,150,36797),(12,151,28607),(12,152,36800),(12,153,61377),(12,154,85953),(12,155,61376),(12,156,61380),(12,157,53190),(12,158,20427),(12,159,12236),(12,160,45009),(12,161,69586),(12,162,69587),(12,163,53201),(12,164,20438),(12,165,12247),(12,166,53207),(12,167,45017),(12,168,94173),(12,169,61408),(12,170,28641),(12,171,12258),(12,172,61410),(12,173,77797),(12,174,69609),(12,175,77801),(12,176,20458),(12,177,28651),(12,178,20461),(12,179,69611),(12,180,36850),(12,181,86005),(12,182,45046),(12,183,94200),(13,1,94201),(13,2,61440),(13,3,36871),(13,4,77832),(13,5,61452),(13,6,77837),(13,7,36880),(13,8,36886),(13,9,36887),(13,10,12312),(13,11,36889),(13,12,36890),(13,13,61467),(13,14,45084),(13,15,36892),(13,16,94235),(13,17,94234),(13,18,77851),(13,19,77867),(13,20,12332),(13,21,61484),(13,22,12334),(13,23,94254),(13,24,53293),(13,25,53298),(13,26,86069),(13,27,20537),(13,28,53305),(13,29,20538),(13,30,94268),(13,31,53309),(13,32,61502),(13,33,36926),(13,34,61504),(13,35,69697),(13,36,69698),(13,37,69693),(13,38,28739),(13,39,20549),(13,40,28735),(13,41,36935),(13,42,94282),(13,43,61514),(13,44,36939),(13,45,69709),(13,46,94283),(13,47,28752),(13,48,28754),(13,49,94291),(13,50,53331),(13,51,36949),(13,52,77909),(13,53,45147),(13,54,77916),(13,55,45149),(13,56,20574),(13,57,69726),(13,58,61536),(13,59,86112),(13,61,69723),(13,62,77928),(13,63,69739),(13,64,45163),(13,65,36974),(13,66,12400),(13,67,36976),(13,68,20594),(13,69,45172),(13,70,28789),(13,71,28792),(13,72,12412),(13,73,20605),(13,74,69757),(13,75,86140),(13,76,61568),(13,77,36993),(13,78,20610),(13,79,12420),(13,80,12421),(13,81,45190),(13,82,45192),(13,83,69769),(13,84,28521),(13,85,77961),(13,86,86157),(13,87,77968),(13,88,37014),(13,89,94359),(13,90,61592),(13,91,12440),(13,92,61595),(13,93,94363),(13,94,12445),(13,95,12446),(13,96,77984),(13,97,37024),(13,98,20640),(13,99,37027),(13,100,28841),(13,101,20650),(13,102,20649),(13,103,28845),(13,104,12467),(13,105,86197),(13,106,20665),(13,107,20668),(13,108,61629),(13,109,20669),(13,110,28864),(13,111,69825),(13,112,86210),(13,113,28865),(13,114,28872),(13,115,37066),(13,116,12492),(13,117,86221),(13,118,69836),(13,119,86223),(13,120,86224),(13,121,12497),(13,122,37068),(13,123,12499),(13,124,12503),(13,125,69847),(13,126,86231),(13,127,37079),(13,128,53467),(13,129,94429),(13,130,28894),(13,131,12513),(13,132,78051),(13,133,61667),(13,134,37096),(13,135,69864),(13,136,53480),(13,137,61672),(13,138,53487),(13,139,45297),(13,140,94451),(13,141,37111),(13,142,69879),(13,143,37113),(13,144,20734),(13,145,69887),(13,146,86273),(13,147,61699),(13,148,53508),(13,149,78085),(13,150,20742),(13,151,78087),(13,152,86283),(13,153,94476),(13,154,45325),(13,155,37134),(13,156,86292),(13,157,86296),(13,158,45338),(13,159,20763),(13,160,94492),(13,161,78109),(13,162,20766),(13,163,45342),(13,164,94495),(13,165,45345),(13,166,94498),(13,167,37158),(13,168,94503),(13,169,37160),(13,170,12584),(13,171,69928),(13,172,45355),(13,173,45356),(13,174,94508),(13,175,37168),(13,176,12595),(13,177,69941),(13,178,94522),(13,179,45371),(13,180,12604),(13,181,94525),(13,182,37182),(13,183,45375),(14,1,78144),(14,2,61762),(14,3,69955),(14,4,12612),(14,5,61764),(14,6,20803),(14,7,45378),(14,8,53577),(14,9,12622),(14,10,53582),(14,11,45396),(14,12,37204),(14,13,69972),(14,14,86362),(14,15,69981),(14,16,69982),(14,17,94558),(14,18,53602),(14,19,69987),(14,20,61799),(14,21,53609),(14,22,86380),(14,23,29039),(14,24,61812),(14,25,94581),(14,26,70005),(14,27,45432),(14,28,94589),(14,29,12672),(14,30,53633),(14,31,78210),(14,32,94598),(14,33,78215),(14,34,61832),(14,35,45449),(14,36,29066),(14,37,20872),(14,38,61837),(14,39,86415),(14,40,94609),(14,41,70035),(14,42,20887),(14,43,45465),(14,44,53660),(14,45,86429),(14,46,37279),(14,47,61856),(14,48,20898),(14,49,20899),(14,50,86436),(14,51,12719),(14,52,37296),(14,53,78256),(14,54,37298),(14,55,94640),(14,56,70068),(14,57,53689),(14,58,29115),(14,59,12731),(14,61,86466),(14,62,86467),(14,63,78275),(14,64,45509),(14,65,61891),(14,66,29131),(14,67,45516),(14,68,78284),(14,69,20943),(14,70,86481),(14,71,45525),(14,72,70101),(14,73,94681),(14,74,12762),(14,75,61914),(14,76,94685),(14,77,61917),(14,78,45536),(14,79,61923),(14,80,12771),(14,81,94695),(14,82,70123),(14,83,12779),(14,84,78316),(14,85,86507),(14,86,94704),(14,87,61938),(14,88,72555),(14,89,61943),(14,90,61946),(14,91,70143),(14,92,70146),(14,93,86532),(14,94,45573),(14,95,37386),(14,96,29195),(14,97,86542),(14,98,61968),(14,99,70162),(14,100,70163),(14,101,29204),(14,102,12822),(14,103,45591),(14,104,86556),(14,105,53791),(14,106,21025),(14,107,86565),(14,108,78375),(14,109,21032),(14,110,86572),(14,111,70190),(14,112,45615),(14,113,12847),(14,114,70191),(14,115,12849),(14,116,70196),(14,117,21049),(14,118,29242),(14,119,37437),(14,120,62014),(14,121,45631),(14,122,37440),(14,123,37441),(14,124,70210),(14,125,12867),(14,126,12870),(14,127,53832),(14,128,45642),(14,129,86604),(14,130,62031),(14,131,62032),(14,132,86608),(14,133,62034),(14,134,12885),(14,135,62037),(14,136,94808),(14,137,45658),(14,138,62042),(14,139,21088),(14,140,12897),(14,141,78434),(14,142,86627),(14,143,53858),(14,144,62053),(14,145,45670),(14,146,53864),(14,147,78443),(14,148,12910),(14,149,86639),(14,150,70257),(14,151,29297),(14,152,21110),(14,153,53880),(14,154,21117),(14,155,70270),(14,156,94848),(14,157,45696),(14,158,86658),(14,159,94851),(14,160,86665),(14,161,70283),(14,162,21132),(14,163,12943),(14,164,70290),(14,165,45716),(14,166,37527),(14,167,21146),(14,168,62107),(14,169,53916),(14,170,86685),(14,171,37535),(14,172,94882),(14,173,12963),(14,174,45730),(14,175,94885),(14,176,53926),(14,177,94886),(14,178,83988),(14,179,12969),(14,180,70315),(14,181,53932),(14,182,12972),(14,183,21166),(15,1,45743),(15,2,70321),(15,3,37554),(15,4,53942),(15,5,29367),(15,6,78521),(15,7,94912),(15,8,86722),(15,9,21187),(15,10,29380),(15,11,94915),(15,12,78533),(15,13,78535),(15,14,53960),(15,15,86723),(15,16,37580),(15,17,62157),(15,18,70349),(15,19,45773),(15,20,86736),(15,21,62160),(15,22,53969),(15,23,70348),(15,24,29399),(15,25,86743),(15,26,94937),(15,27,86745),(15,28,21213),(15,29,29405),(15,30,94943),(15,31,78560),(15,32,62177),(15,33,62175),(15,34,53988),(15,35,13029),(15,36,21223),(15,37,53991),(15,38,21225),(15,39,53993),(15,40,45803),(15,41,13037),(15,42,70381),(15,43,45807),(15,44,29421),(15,45,86769),(15,46,45810),(15,47,86773),(15,48,29430),(15,49,54010),(15,50,62207),(15,51,13056),(15,52,86788),(15,53,13062),(15,54,78602),(15,55,78603),(15,56,45835),(15,57,86794),(15,58,37644),(15,59,94987),(15,61,86801),(15,62,54036),(15,63,62230),(15,64,62232),(15,65,13081),(15,66,70426),(15,67,37656),(15,68,62236),(15,69,70428),(15,70,29466),(15,71,29473),(15,72,37665),(15,73,62242),(15,74,37677),(15,75,95021),(15,76,54061),(15,77,86830),(15,78,86835),(15,79,13108),(15,80,62261),(15,81,13111),(15,82,29497),(15,83,95033),(15,84,29498),(15,85,37689),(15,86,54074),(15,87,37692),(15,88,70464),(15,89,54081),(15,90,13122),(15,91,70465),(15,92,78656),(15,93,21318),(15,94,45896),(15,95,54090),(15,96,78671),(15,97,45905),(15,98,86866),(15,99,54100),(15,100,78676),(15,101,86872),(15,102,95067),(15,103,86878),(15,104,13157),(15,105,78694),(15,106,37735),(15,107,70506),(15,108,45933),(15,109,13165),(15,110,78704),(15,111,21365),(15,112,86904),(15,113,29565),(15,114,29566),(15,115,54143),(15,116,29568),(15,117,70528),(15,118,37760),(15,119,54147),(15,120,54148),(15,121,21382),(15,122,45958),(15,123,70534),(15,124,70542),(15,125,37777),(15,126,62355),(15,127,86931),(15,128,78740),(15,129,37782),(15,130,13207),(15,131,29592),(15,132,37780),(15,133,78746),(15,134,45981),(15,135,29597),(15,136,70559),(15,137,45982),(15,138,54177),(15,139,49845),(15,140,45988),(15,141,37797),(15,142,21414),(15,143,86950),(15,144,13226),(15,145,37803),(15,146,21420),(15,147,45997),(15,148,21423),(15,149,70576),(15,150,21425),(15,151,37809),(15,152,95155),(15,153,95157),(15,154,78774),(15,155,46008),(15,156,37817),(15,157,37818),(15,158,62395),(15,159,54204),(15,160,29629),(15,161,95165),(15,162,86975),(15,163,70585),(15,164,37826),(15,165,29639),(15,166,95177),(15,167,95183),(15,168,62417),(15,169,21461),(15,170,46040),(15,171,95193),(15,172,78812),(15,173,95196),(15,174,62432),(15,175,78818),(15,176,95205),(15,177,46059),(15,178,62445),(15,179,46062),(15,180,78831),(15,181,95220),(15,182,78838),(15,183,21495),(16,1,29689),(16,2,54266),(16,3,62457),(16,4,62464),(16,5,21504),(16,6,13315),(16,7,13316),(16,8,62469),(16,9,70662),(16,10,87046),(16,11,21512),(16,12,95246),(16,13,37905),(16,14,21521),(16,15,95251),(16,16,13339),(16,17,54300),(16,18,70685),(16,19,87070),(16,20,70686),(16,21,78879),(16,22,46113),(16,23,46114),(16,24,70692),(16,25,21548),(16,26,62513),(16,27,70706),(16,28,37939),(16,29,95284),(16,30,70709),(16,31,54325),(16,32,13367),(16,33,54331),(16,34,95297),(16,35,46146),(16,36,62532),(16,37,54340),(16,38,54342),(16,39,95302),(16,40,29767),(16,41,54347),(16,42,13388),(16,43,13389),(16,44,70734),(16,45,62543),(16,46,37970),(16,47,13397),(16,48,46165),(16,49,54363),(16,50,29788),(16,51,46173),(16,52,21597),(16,53,62558),(16,54,21600),(16,55,87137),(16,56,87141),(16,57,54376),(16,58,78952),(16,59,70764),(16,61,46190),(16,62,21613),(16,63,78961),(16,64,78962),(16,65,95347),(16,66,46196),(16,67,29812),(16,68,46194),(16,69,95354),(16,70,78971),(16,71,87162),(16,72,13438),(16,73,29825),(16,74,54402),(16,75,13443),(16,76,46209),(16,77,13456),(16,78,78993),(16,79,87186),(16,80,21652),(16,81,78998),(16,82,70807),(16,83,29851),(16,84,13471),(16,85,54432),(16,86,87202),(16,87,54434),(16,88,70823),(16,89,87208),(16,90,95401),(16,91,87211),(16,92,38060),(16,93,13484),(16,94,38068),(16,95,62647),(16,96,54462),(16,97,29892),(16,98,54470),(16,99,87243),(16,100,79053),(16,101,62676),(16,102,95444),(16,103,38103),(16,104,79068),(16,105,29917),(16,106,13533),(16,107,87262),(16,108,62684),(16,109,13537),(16,110,13534),(16,111,87273),(16,112,70890),(16,113,29932),(16,114,79085),(16,115,46320),(16,116,38128),(16,117,87284),(16,118,29941),(16,119,62709),(16,120,54520),(16,121,62714),(16,122,95483),(16,123,62716),(16,124,79101),(16,125,29950),(16,126,70906),(16,127,79103),(16,128,13570),(16,129,70915),(16,130,54538),(16,131,13584),(16,132,38163),(16,133,79124),(16,134,62742),(16,135,54552),(16,136,13592),(16,137,62744),(16,138,29981),(16,139,46367),(16,140,62752),(16,141,54561),(16,142,54562),(16,143,29985),(16,144,87332),(16,145,46373),(16,146,13600),(16,147,13603),(16,148,13601),(16,149,62759),(16,150,54566),(16,151,70955),(16,152,87339),(16,153,87344),(16,154,70964),(16,155,95540),(16,156,79157),(16,157,54589),(16,158,95549),(16,159,21822),(16,160,30021),(16,161,38215),(16,162,13640),(16,163,70984),(16,164,70985),(16,165,87368),(16,166,62795),(16,167,79176),(16,168,87374),(16,169,70991),(16,170,62800),(16,171,30030),(16,172,30036),(16,173,46422),(16,174,54614),(16,175,87384),(16,176,38241),(16,177,87395),(16,178,38243),(16,179,71015),(16,180,95592),(16,181,71016),(16,182,71022),(16,183,71025),(17,1,38257),(17,2,46451),(17,3,71029),(17,4,13685),(17,5,30071),(17,6,95608),(17,7,79222),(17,8,87418),(17,9,46460),(17,10,79233),(17,11,13698),(17,12,79235),(17,13,30082),(17,14,21893),(17,15,46469),(17,16,79241),(17,17,54666),(17,18,46475),(17,19,62861),(17,20,54669),(17,21,30099),(17,22,54676),(17,23,62871),(17,24,13720),(17,25,87457),(17,26,54689),(17,27,87459),(17,28,79267),(17,29,13736),(17,30,79276),(17,31,21934),(17,32,13743),(17,33,79278),(17,34,38324),(17,35,62901),(17,36,46518),(17,37,13750),(17,38,54712),(17,39,30135),(17,40,46522),(17,41,46525),(17,42,38336),(17,43,30147),(17,44,87492),(17,45,87493),(17,46,13766),(17,47,38340),(17,48,87496),(17,49,54723),(17,50,95688),(17,51,38347),(17,52,79301),(17,53,54733),(17,54,71112),(17,55,21971),(17,56,54740),(17,57,38355),(17,58,46552),(17,59,30169),(17,61,30175),(17,62,46565),(17,63,87526),(17,64,13800),(17,65,21993),(17,66,62955),(17,67,21999),(17,68,30194),(17,69,54772),(17,70,13813),(17,71,95735),(17,72,62968),(17,73,71161),(17,74,95736),(17,75,95739),(17,76,13820),(17,77,46583),(17,78,22007),(17,79,22015),(17,80,13825),(17,81,22017),(17,82,46595),(17,83,79365),(17,84,54790),(17,85,79367),(17,86,22024),(17,87,54794),(17,88,87562),(17,89,54797),(17,90,71185),(17,91,79377),(17,92,22037),(17,93,54810),(17,94,46618),(17,95,38431),(17,96,71199),(17,97,87588),(17,98,38437),(17,99,71205),(17,100,38440),(17,101,22058),(17,102,79404),(17,103,30257),(17,104,38450),(17,105,30260),(17,106,30264),(17,107,79419),(17,108,71228),(17,109,13886),(17,110,95807),(17,111,95808),(17,112,71233),(17,113,54850),(17,114,87619),(17,115,79430),(17,116,71239),(17,117,13896),(17,118,46665),(17,119,13899),(17,120,95821),(17,121,54862),(17,122,71247),(17,123,79446),(17,124,30295),(17,125,87640),(17,126,54874),(17,127,54875),(17,128,63068),(17,129,71259),(17,130,87646),(17,131,63072),(17,132,54881),(17,133,63073),(17,134,71271),(17,135,13927),(17,136,63081),(17,137,13933),(17,138,71278),(17,139,95853),(17,140,13938),(17,141,13939),(17,142,71284),(17,143,95861),(17,144,87670),(17,145,46711),(17,146,95863),(17,147,87673),(17,148,22138),(17,149,46723),(17,150,54916),(17,151,79494),(17,152,95879),(17,153,71304),(17,154,95881),(17,155,95884),(17,156,63117),(17,157,79501),(17,158,13967),(17,159,54927),(17,160,46735),(17,161,38542),(17,162,87699),(17,163,13971),(17,164,22166),(17,165,95896),(17,166,79515),(17,167,13981),(17,168,87715),(17,169,13988),(17,170,54949),(17,171,30374),(17,172,38567),(17,173,46761),(17,174,13994),(17,175,30379),(17,176,95917),(17,177,87726),(17,178,38575),(17,179,87728),(17,180,22193),(17,181,14007),(17,182,38584),(17,183,95929),(18,1,22202),(18,2,46779),(18,3,71351),(18,4,87741),(18,5,79552),(18,6,54977),(18,7,22210),(18,8,46786),(18,9,87748),(18,10,71360),(18,11,63170),(18,12,22215),(18,13,14025),(18,14,87754),(18,15,22217),(18,16,54987),(18,17,22219),(18,18,46799),(18,19,71376),(18,20,14034),(18,21,95957),(18,22,71381),(18,23,14039),(18,24,38620),(18,25,46813),(18,26,63196),(18,27,71391),(18,28,46812),(18,29,55009),(18,30,38626),(18,31,22237),(18,32,95968),(18,33,95972),(18,34,46822),(18,35,79595),(18,36,22254),(18,37,55023),(18,38,79602),(18,39,22259),(18,40,63219),(18,41,95993),(18,42,14073),(18,43,95996),(18,44,38652),(18,45,22269),(18,46,63231),(18,47,46851),(18,48,79626),(18,49,46861),(18,50,14093),(18,51,63248),(18,52,22293),(18,53,96022),(18,54,96023),(18,55,22296),(18,56,14106),(18,57,71451),(18,58,79645),(18,59,55076),(18,61,46886),(18,62,96041),(18,63,79660),(18,64,63283),(18,65,71483),(18,66,30524),(18,67,22335),(18,68,22342),(18,69,79687),(18,70,63305),(18,71,79689),(18,72,79692),(18,73,38733),(18,74,46929),(18,75,22354),(18,76,46936),(18,77,22360),(18,78,22367),(18,79,14177),(18,80,63332),(18,81,71526),(18,82,63336),(18,83,79723),(18,84,79724),(18,85,22382),(18,86,87919),(18,87,63344),(18,88,71537),(18,89,46962),(18,90,87920),(18,91,46964),(18,92,55161),(18,93,22394),(18,94,55166),(18,95,22399),(18,96,63361),(18,97,14214),(18,98,96134),(18,99,14216),(18,100,14217),(18,101,22411),(18,102,30604),(18,103,30605),(18,104,87951),(18,105,38804),(18,106,87957),(18,107,63383),(18,108,87963),(18,109,38814),(18,110,79780),(18,111,79783),(18,112,30634),(18,113,63402),(18,114,14250),(18,115,30637),(18,116,63406),(18,117,30642),(18,118,47029),(18,119,14262),(18,120,71605),(18,121,63416),(18,122,63420),(18,123,71613),(18,124,38850),(18,125,63427),(18,126,79812),(18,127,38859),(18,128,63438),(18,129,71630),(18,130,22480),(18,131,47054),(18,132,22489),(18,133,47066),(18,134,96219),(18,135,38875),(18,136,22494),(18,137,63454),(18,138,38881),(18,139,96226),(18,140,79846),(18,141,22505),(18,142,96234),(18,143,38891),(18,144,55273),(18,145,79850),(18,146,22512),(18,147,88049),(18,148,88050),(18,149,96243),(18,150,47096),(18,151,30713),(18,152,22521),(18,153,22525),(18,154,14337),(18,155,96259),(18,156,38917),(18,157,30725),(18,158,96263),(18,159,47112),(18,160,30730),(18,161,88075),(18,162,14350),(18,163,22543),(18,164,79888),(18,165,14351),(18,166,63504),(18,167,79891),(18,168,88079),(18,169,96283),(18,170,47135),(18,171,55328),(18,172,14369),(18,173,55330),(18,174,96290),(18,175,71713),(18,176,55334),(18,177,22567),(18,178,38950),(18,179,88107),(18,180,22573),(18,181,38957),(18,182,14384),(18,183,88116),(19,1,55348),(19,2,47164),(19,3,22591),(19,4,63553),(19,5,71745),(19,6,30787),(19,7,14406),(19,8,47176),(19,9,47180),(19,10,88141),(19,11,79950),(19,12,14415),(19,13,55377),(19,14,47186),(19,15,88147),(19,16,47188),(19,17,96340),(19,18,30806),(19,19,47190),(19,20,22616),(19,21,79960),(19,22,96346),(19,23,30812),(19,24,79966),(19,25,22622),(19,26,30820),(19,27,71781),(19,28,71782),(19,29,79975),(19,30,55396),(19,31,47210),(19,32,96363),(19,33,88172),(19,34,14443),(19,35,63597),(19,36,71791),(19,37,22639),(19,38,39025),(19,39,47218),(19,40,39027),(19,41,14444),(19,42,14454),(19,43,63606),(19,44,88185),(19,45,55417),(19,46,22650),(19,47,96384),(19,48,63619),(19,49,88197),(19,50,39048),(19,51,71817),(19,52,39051),(19,53,80014),(19,54,88206),(19,55,47246),(19,56,96403),(19,57,30868),(19,58,39060),(19,59,22677),(19,61,88218),(19,62,30876),(19,63,80030),(19,64,30879),(19,65,71842),(19,66,30882),(19,67,47268),(19,68,14500),(19,69,22694),(19,70,47270),(19,71,63656),(19,72,39081),(19,73,51729),(19,74,22699),(19,75,88236),(19,76,14509),(19,77,14510),(19,78,22700),(19,79,71861),(19,80,88246),(19,81,96439),(19,82,63672),(19,83,47289),(19,84,63674),(19,85,22716),(19,86,22719),(19,87,96447),(19,88,30913),(19,89,88255),(19,90,14529),(19,91,96455),(19,92,88264),(19,93,22729),(19,94,14538),(19,95,88270),(19,96,14543),(19,97,39120),(19,98,71890),(19,99,39126),(19,100,30937),(19,101,71897),(19,102,14555),(19,103,30945),(19,104,39142),(19,105,63720),(19,106,55528),(19,107,55531),(19,108,80108),(19,109,14573),(19,110,47340),(19,111,47343),(19,112,63728),(19,113,71922),(19,114,71923),(19,115,63733),(19,116,22775),(19,117,22776),(19,118,55545),(19,119,80122),(19,120,47355),(19,121,71931),(19,122,47356),(19,123,71932),(19,124,55547),(19,125,58258),(19,126,22785),(19,127,88323),(19,128,71939),(19,129,14597),(19,130,71943),(19,131,55559),(19,132,47371),(19,133,22796),(19,134,47373),(19,135,39182),(19,136,71947),(19,137,39179),(19,138,14607),(19,139,39187),(19,140,80150),(19,141,30999),(19,142,88342),(19,143,55574),(19,144,71958),(19,145,63772),(19,146,63773),(19,147,22819),(19,148,39204),(19,149,63780),(19,150,88360),(19,151,80169),(19,152,14634),(19,153,22827),(19,154,71980),(19,155,80173),(19,156,55598),(19,157,96559),(19,158,88368),(19,159,88365),(19,160,63795),(19,161,88371),(19,162,80181),(19,163,31029),(19,164,22839),(19,165,14644),(19,166,96569),(19,167,39226),(19,168,55612),(19,169,47430),(19,170,22855),(19,171,31048),(19,172,80206),(19,173,14671),(19,174,96592),(19,175,39248),(19,176,22866),(19,177,55635),(19,178,14676),(19,179,31062),(19,180,72025),(19,181,72028),(19,182,72029),(19,183,31070),(20,1,96607),(20,2,47453),(20,3,39266),(20,4,88419),(20,5,72036),(20,6,31077),(20,7,55654),(20,8,31074),(20,9,22887),(20,10,88425),(20,11,55658),(20,12,55650),(20,13,47468),(20,14,96622),(20,15,22894),(20,16,39280),(20,17,31086),(20,18,47476),(20,19,88439),(20,20,55672),(20,21,80249),(20,22,47483),(20,23,14718),(20,24,22911),(20,25,55679),(20,26,14721),(20,27,55682),(20,28,22916),(20,29,39300),(20,30,63879),(20,31,31111),(20,32,63881),(20,33,88458),(20,34,63883),(20,35,39307),(20,36,47500),(20,37,96655),(20,38,55696),(20,39,88464),(20,40,72082),(20,41,63891),(20,42,47506),(20,43,31126),(20,44,88471),(20,45,47512),(20,46,31129),(20,47,96666),(20,48,14749),(20,49,14751),(20,50,39330),(20,51,31141),(20,52,39336),(20,53,22952),(20,54,55724),(20,55,80300),(20,56,55726),(20,57,72112),(20,58,55730),(20,59,14771),(20,61,72120),(20,62,22968),(20,63,39355),(20,64,72126),(20,65,63935),(20,66,63939),(20,67,14787),(20,68,47558),(20,69,72136),(20,70,63945),(20,71,39372),(20,72,80335),(20,73,88529),(20,74,39380),(20,75,63956),(20,76,31192),(20,77,80345),(20,78,96730),(20,79,96731),(20,80,31196),(20,81,55772),(20,82,31198),(20,83,14809),(20,84,47585),(20,85,55777),(20,86,47587),(20,87,39396),(20,88,47589),(20,89,39398),(20,90,55783),(20,91,31205),(20,92,31209),(20,93,23018),(20,94,88555),(20,95,31203),(20,96,39401),(20,97,23022),(20,98,88558),(20,99,80368),(20,100,23025),(20,101,31218),(20,102,88559),(20,103,39414),(20,104,63993),(20,105,96762),(20,106,39418),(20,107,63996),(20,108,14844),(20,109,96766),(20,110,80383),(20,111,88576),(20,112,55811),(20,113,31236),(20,114,72198),(20,115,39430),(20,116,23046),(20,117,31239),(20,118,23050),(20,119,14857),(20,120,23052),(20,121,64013),(20,122,72205),(20,123,39437),(20,124,96782),(20,125,14865),(20,126,64016),(20,127,88595),(20,128,64023),(20,129,47640),(20,130,55834),(20,131,88602),(20,132,88606),(20,133,55838),(20,134,64032),(20,135,55839),(20,136,14884),(20,137,88612),(20,138,80420),(20,139,23076),(20,140,39464),(20,141,72238),(20,142,55854),(20,143,31281),(20,144,64052),(20,145,80436),(20,146,31289),(20,147,64058),(20,148,88635),(20,149,31290),(20,150,14906),(20,151,88634),(20,152,72255),(20,153,88640),(20,154,72267),(20,155,31308),(20,156,47694),(20,157,31311),(20,158,72272),(20,159,88659),(20,160,96853),(20,161,88667),(20,162,14941),(20,163,47711),(20,164,23136),(20,165,55906),(20,166,31331),(20,167,72290),(20,168,80488),(20,169,64119),(20,170,14969),(20,171,23165),(20,172,96893),(20,173,88703),(20,174,64126),(20,175,55937),(20,176,31359),(20,177,31365),(20,178,96902),(20,179,14983),(20,180,39560),(20,181,64137),(20,182,88711),(20,183,31369),(21,1,23173),(21,2,64143),(21,3,31379),(21,4,88723),(21,5,14997),(21,6,55959),(21,7,88729),(21,8,72347),(21,9,47771),(21,10,47775),(21,11,72352),(21,12,15009),(21,13,88737),(21,14,31396),(21,15,23204),(21,16,88742),(21,17,96936),(21,18,88745),(21,19,64171),(21,20,55980),(21,21,64175),(21,22,80560),(21,23,47792),(21,24,88752),(21,25,55987),(21,26,47795),(21,27,23221),(21,28,47799),(21,29,23226),(21,30,47807),(21,31,88768),(21,32,23232),(21,33,39619),(21,34,31428),(21,35,23241),(21,36,47818),(21,37,47819),(21,38,96972),(21,39,23245),(21,40,56015),(21,41,56016),(21,42,88785),(21,43,31439),(21,44,39635),(21,45,80596),(21,46,39636),(21,47,31446),(21,48,39638),(21,49,47832),(21,50,96984),(21,51,39640),(21,52,47836),(21,53,88800),(21,54,39649),(21,55,39652),(21,56,15080),(21,57,31464),(21,58,23273),(21,59,31468),(21,61,80622),(21,62,56050),(21,63,88820),(21,64,72436),(21,65,56055),(21,66,23290),(21,67,47867),(21,68,23293),(21,69,56066),(21,70,88838),(21,71,64265),(21,72,72457),(21,73,72460),(21,74,80653),(21,75,88845),(21,76,97038),(21,77,80656),(21,78,64268),(21,79,97043),(21,80,56083),(21,81,88853),(21,82,56089),(21,83,39707),(21,84,23323),(21,85,72480),(21,86,72482),(21,87,64290),(21,88,88868),(21,89,15143),(21,90,39722),(21,91,88881),(21,92,47922),(21,93,80690),(21,94,23346),(21,95,15157),(21,96,80694),(21,97,15158),(21,98,23347),(21,99,15161),(21,100,97082),(21,101,39733),(21,102,97084),(21,103,23358),(21,104,64323),(21,105,88900),(21,106,64326),(21,107,23369),(21,108,47946),(21,109,64333),(21,110,72527),(21,111,97103),(21,112,47952),(21,113,39760),(21,114,39763),(21,115,72528),(21,116,97109),(21,117,15185),(21,118,64347),(21,119,88924),(21,120,72540),(21,121,88926),(21,122,23389),(21,123,97119),(21,124,15204),(21,125,47973),(21,126,64361),(21,127,23402),(21,128,97130),(21,129,39786),(21,130,31596),(21,131,56169),(21,132,15215),(21,133,64367),(21,134,39793),(21,135,56178),(21,136,72563),(21,137,31603),(21,138,31605),(21,139,56182),(21,140,39796),(21,141,15224),(21,142,56184),(21,143,15222),(21,144,48001),(21,145,64385),(21,146,39812),(21,147,39814),(21,148,15240),(21,149,15243),(21,150,31630),(21,151,64400),(21,152,97172),(21,153,39829),(21,154,80790),(21,155,15257),(21,156,39834),(21,157,15261),(21,158,86073),(21,159,39841),(21,160,39842),(21,161,56228),(21,162,56231),(21,163,39849),(21,164,80810),(21,165,23467),(21,166,72621),(21,167,80816),(21,168,15281),(21,169,39857),(21,170,15283),(21,171,48052),(21,172,48048),(21,173,48051),(21,174,23479),(21,175,80824),(21,176,64441),(21,177,64442),(21,178,15291),(21,179,64448),(21,180,72644),(21,181,48070),(21,182,56262),(21,183,97222),(22,1,48073),(22,2,72650),(22,3,97224),(22,4,89037),(22,5,72658),(22,6,48084),(22,7,64468),(22,8,31703),(22,9,56281),(22,10,48090),(22,11,97243),(22,12,23518),(22,13,72671),(22,14,89056),(22,15,23528),(22,16,72681),(22,17,48107),(22,18,31724),(22,19,48109),(22,20,89067),(22,21,15343),(22,22,23536),(22,23,94230),(22,24,56307),(22,25,80884),(22,26,39926),(22,27,15352),(22,28,89080),(22,29,56312),(22,30,56317),(22,31,80895),(22,32,15360),(22,33,64514),(22,34,23557),(22,35,97285),(22,36,72716),(22,37,48141),(22,38,15374),(22,39,64527),(22,40,48147),(22,41,80920),(22,42,23579),(22,43,23580),(22,44,64541),(22,45,56350),(22,46,80928),(22,47,56352),(22,48,80936),(22,49,39977),(22,50,97322),(22,51,89131),(22,52,23595),(22,53,56365),(22,54,31786),(22,55,64555),(22,56,89138),(22,57,48181),(22,58,48186),(22,59,80954),(22,61,23616),(22,62,56385),(22,63,56386),(22,64,80963),(22,65,97348),(22,66,97349),(22,67,89158),(22,68,80966),(22,69,23626),(22,70,89164),(22,71,31824),(22,72,56401),(22,73,15446),(22,74,97368),(22,75,89177),(22,76,31837),(22,77,23647),(22,78,23650),(22,79,80994),(22,80,97380),(22,81,89192),(22,82,56424),(22,83,81003),(22,84,48239),(22,85,23664),(22,86,40050),(22,87,23669),(22,88,48247),(22,89,64632),(22,90,56442),(22,91,23677),(22,92,64638),(22,93,40063),(22,94,23681),(22,95,64642),(22,96,40068),(22,97,81031),(22,98,48264),(22,99,48266),(22,100,81037),(22,101,48272),(22,102,56465),(22,103,81045),(22,104,81046),(22,105,31896),(22,106,64665),(22,107,56476),(22,108,97440),(22,109,48290),(22,110,97444),(22,111,40101),(22,112,48294),(22,113,81063),(22,114,81064),(22,115,40104),(22,116,23719),(22,117,64683),(22,118,81068),(22,119,64680),(22,120,56494),(22,121,40110),(22,122,97453),(22,123,40113),(22,124,64688),(22,125,97457),(22,126,15540),(22,127,89269),(22,128,48314),(22,129,81087),(22,130,48320),(22,131,40127),(22,132,23746),(22,133,56520),(22,134,89289),(22,135,97483),(22,136,23755),(22,137,40141),(22,138,72913),(22,139,89302),(22,140,89304),(22,141,97498),(22,142,56541),(22,143,15582),(22,144,31965),(22,145,81119),(22,146,89313),(22,147,89314),(22,148,97507),(22,149,23779),(22,150,48357),(22,151,81126),(22,152,72939),(22,153,72940),(22,154,56557),(22,155,48364),(22,156,40184),(22,157,64760),(22,158,89344),(22,159,97537),(22,160,97540),(22,161,15629),(22,162,32014),(22,163,32016),(22,164,40208),(22,165,81174),(22,166,40214),(22,167,40219),(22,168,32031),(22,169,97567),(22,170,48417),(22,171,48419),(22,172,15655),(22,173,81192),(22,174,56617),(22,175,32041),(22,176,64813),(22,177,23854),(22,178,48429),(22,179,56626),(22,180,73011),(22,181,97587),(22,182,23861),(22,183,89401),(23,1,32057),(23,2,73017),(23,3,23865),(23,4,15678),(23,5,15685),(23,6,97609),(23,7,32075),(23,8,48459),(23,9,40270),(23,10,89422),(23,11,48465),(23,12,89426),(23,13,97622),(23,14,40281),(23,15,64858),(23,16,81243),(23,17,40282),(23,18,48477),(23,19,89435),(23,20,64862),(23,21,56667),(23,22,64866),(23,23,89453),(23,24,32111),(23,25,81263),(23,26,23923),(23,27,64888),(23,28,56696),(23,29,64890),(23,30,56697),(23,31,48506),(23,32,56704),(23,33,97664),(23,34,48514),(23,35,81283),(23,36,32132),(23,37,81285),(23,38,15750),(23,39,89479),(23,40,48519),(23,41,48515),(23,42,89482),(23,43,32139),(23,44,97677),(23,45,32142),(23,46,32145),(23,47,40340),(23,48,32150),(23,49,73111),(23,50,89498),(23,51,15771),(23,52,56736),(23,53,64929),(23,54,89507),(23,55,40356),(23,56,97699),(23,57,15793),(23,58,89524),(23,59,97717),(23,61,15798),(23,62,64950),(23,63,64955),(23,64,89538),(23,65,73155),(23,66,89540),(23,67,32194),(23,68,15814),(23,69,73160),(23,70,32201),(23,71,56779),(23,72,81360),(23,73,73177),(23,74,89562),(23,75,97753),(23,76,40412),(23,77,97756),(23,78,89567),(23,79,64991),(23,80,15841),(23,81,48609),(23,82,32227),(23,83,81380),(23,84,40424),(23,85,24043),(23,86,73197),(23,87,15854),(23,88,48623),(23,89,97774),(23,90,97778),(23,91,56818),(23,92,73204),(23,93,32244),(23,94,15859),(23,95,48626),(23,96,81399),(23,97,48633),(23,98,81400),(23,99,24066),(23,100,73219),(23,101,73218),(23,102,73221),(23,103,65030),(23,104,81413),(23,105,56839),(23,106,73228),(23,107,89613),(23,108,81423),(23,109,89616),(23,110,48657),(23,111,48658),(23,112,15890),(23,113,65043),(23,114,24080),(23,115,24090),(23,116,97826),(23,117,24102),(23,118,48680),(23,119,40490),(23,120,48683),(23,121,24110),(23,122,48688),(23,123,32304),(23,124,15922),(23,125,89651),(23,126,81463),(23,127,56889),(23,128,65082),(23,129,73279),(23,130,56901),(23,131,97861),(23,132,40524),(23,133,97868),(23,134,32334),(23,135,15954),(23,136,89684),(23,137,97878),(23,138,65111),(23,139,15960),(23,140,24154),(23,141,89691),(23,142,48731),(23,143,15966),(23,144,73314),(23,145,24164),(23,146,65124),(23,147,15973),(23,148,56934),(23,149,32362),(23,150,73329),(23,151,56947),(23,152,89716),(23,153,56949),(23,154,24184),(23,155,81531),(23,156,56955),(23,157,15999),(23,158,81535),(23,159,48767),(23,160,32386),(23,161,40579),(23,162,48771),(23,163,16005),(23,164,32390),(23,165,16006),(23,166,89735),(23,167,32393),(23,168,32391),(23,169,32395),(23,170,73356),(23,171,56973),(23,172,16014),(23,173,89743),(23,174,81549),(23,175,65172),(23,176,65173),(23,177,16028),(23,178,97950),(23,179,24223),(23,180,81568),(23,181,32415),(23,182,56994),(23,183,24224),(24,1,56997),(24,2,81573),(24,3,73390),(24,4,16047),(24,5,57008),(24,6,73392),(24,7,81589),(24,8,40630),(24,9,24247),(24,10,57019),(24,11,57022),(24,12,65215),(24,13,97984),(24,14,48830),(24,15,73411),(24,16,57030),(24,17,40646),(24,18,97999),(24,19,32465),(24,20,57041),(24,21,16083),(24,22,73428),(24,23,48853),(24,24,73431),(24,25,48860),(24,26,24284),(24,27,16093),(24,28,16097),(24,29,89826),(24,30,73443),(24,31,32484),(24,32,24291),(24,33,65258),(24,34,32499),(24,35,48884),(24,36,32502),(24,37,32503),(24,38,16120),(24,39,65273),(24,40,73466),(24,41,89850),(24,42,65275),(24,43,81661),(24,44,89853),(24,45,73473),(24,46,65282),(24,47,32518),(24,48,16138),(24,49,81677),(24,50,24334),(24,51,98062),(24,52,57105),(24,53,24340),(24,54,65302),(24,55,73496),(24,56,81691),(24,57,98075),(24,58,57122),(24,59,24355),(24,61,24358),(24,62,40742),(24,63,48936),(24,64,81706),(24,65,98094),(24,66,73518),(24,67,65327),(24,68,73522),(24,69,89910),(24,70,73526),(24,71,16184),(24,72,73530),(24,73,73532),(24,74,98110),(24,75,73535),(24,76,81732),(24,77,81733),(24,78,40774),(24,79,89926),(24,80,89927),(24,81,73545),(24,82,89929),(24,83,48971),(24,84,81740),(24,85,24397),(24,86,40782),(24,87,89934),(24,88,65360),(24,89,48977),(24,90,98129),(24,91,73555),(24,92,98128),(24,93,98135),(24,94,65368),(24,95,81753),(24,96,89946),(24,97,73562),(24,98,32604),(24,99,32606),(24,100,81759),(24,101,73568),(24,102,48993),(24,103,89955),(24,104,98147),(24,105,65381),(24,106,65380),(24,107,98151),(24,108,98152),(24,109,73577),(24,110,49001),(24,111,40809),(24,112,40812),(24,113,65388),(24,114,98158),(24,115,81771),(24,116,57200),(24,117,24435),(24,118,89973),(24,119,16247),(24,120,32633),(24,121,49017),(24,122,16251),(24,123,73595),(24,124,16254),(24,125,57214),(24,126,89985),(24,127,49027),(24,128,57227),(24,129,32652),(24,130,49038),(24,131,81807),(24,132,81816),(24,133,40857),(24,134,16283),(24,135,32667),(24,136,81821),(24,137,24477),(24,138,24475),(24,139,81824),(24,140,24481),(24,141,57250),(24,142,24476),(24,143,24489),(24,144,16297),(24,145,32684),(24,146,32688),(24,147,65463),(24,148,16311),(24,149,65465),(24,150,24508),(24,151,32706),(24,152,65475),(24,153,81862),(24,154,90055),(24,155,57288),(24,156,16329),(24,157,40907),(24,158,49100),(24,159,32717),(24,160,65486),(24,161,40911),(24,162,57298),(24,163,24533),(24,164,65495),(24,165,81881),(24,166,65500),(24,167,81888),(24,168,98275),(24,169,90084),(24,170,73700),(24,171,49124),(24,172,65508),(24,173,81899),(24,174,57326),(24,175,16366),(24,176,49136),(24,177,32753),(24,178,49138),(24,179,90100),(24,180,24566),(24,181,16377),(24,182,57340),(24,183,65534);
/*!40000 ALTER TABLE `deaths` ENABLE KEYS */;
UNLOCK TABLES;

--
-- Table structure for table `quarantine_facilities`
--

DROP TABLE IF EXISTS `quarantine_facilities`;
/*!40101 SET @saved_cs_client     = @@character_set_client */;
/*!50503 SET character_set_client = utf8mb4 */;
CREATE TABLE `quarantine_facilities` (
  `facility_id` int NOT NULL,
  `facility_name` varchar(100) NOT NULL,
  `country_id` int NOT NULL,
  `facility_type` varchar(50) NOT NULL,
  `capacity` int NOT NULL,
  PRIMARY KEY (`facility_id`),
  KEY `country_id` (`country_id`),
  CONSTRAINT `quarantine_facilities_ibfk_1` FOREIGN KEY (`country_id`) REFERENCES `countries` (`country_id`)
) ENGINE=InnoDB DEFAULT CHARSET=utf8mb4 COLLATE=utf8mb4_0900_ai_ci;
/*!40101 SET character_set_client = @saved_cs_client */;

--
-- Dumping data for table `quarantine_facilities`
--

LOCK TABLES `quarantine_facilities` WRITE;
/*!40000 ALTER TABLE `quarantine_facilities` DISABLE KEYS */;
INSERT INTO `quarantine_facilities` VALUES (1,'Facility AAA',1,'Central Government',79873),(2,'Facility ABA',2,'State Government',67587),(3,'Facility ACA',3,'State Government',73732),(4,'Facility ADA',4,'State Government',96261),(5,'Facility AEA',5,'State Government',98312),(6,'Facility AFA',6,'State Government',12297),(7,'Facility AGA',7,'State Government',24586),(8,'Facility AHA',8,'State Government',38922),(9,'Facility AIA',9,'Central Government',45067),(10,'Facility AJA',10,'State Government',73744),(11,'Facility AKA',11,'Central Government',49169),(12,'Facility ALA',12,'Central Government',18452),(13,'Facility AMA',13,'State Government',45076),(14,'Facility ANA',14,'Central Government',96278),(15,'Facility AOA',15,'State Government',83995),(16,'Facility APA',16,'State Government',63523),(17,'Facility AQA',17,'Central Government',36899),(18,'Facility ARA',18,'Central Government',98341),(19,'Facility ASA',19,'State Government',18470),(20,'Facility ATA',20,'Central Government',41000),(21,'Facility AUA',21,'State Government',88108),(22,'Facility AVA',22,'Central Government',45102),(23,'Facility AWA',23,'State Government',18479),(24,'Facility AXA',24,'State Government',10286),(25,'Facility AYA',25,'Central Government',10295),(26,'Facility AZA',26,'State Government',47160),(27,'Facility BAA',27,'State Government',61497),(28,'Facility BBA',28,'Central Government',79938),(29,'Facility BCA',29,'State Government',45123),(30,'Facility BDA',30,'Central Government',10310),(31,'Facility BEA',31,'State Government',81996),(32,'Facility BFA',32,'State Government',79949),(33,'Facility BGA',33,'Central Government',26702),(34,'Facility BHA',34,'State Government',59469),(35,'Facility BIA',35,'State Government',86096),(36,'Facility BJA',36,'State Government',47184),(37,'Facility BKA',37,'State Government',38992),(38,'Facility BLA',38,'State Government',34906),(39,'Facility BMA',39,'State Government',43098),(40,'Facility BNA',40,'Central Government',73824),(41,'Facility BOA',41,'Central Government',94304),(42,'Facility BPA',42,'State Government',34912),(43,'Facility BQA',43,'State Government',63587),(44,'Facility BRA',44,'Central Government',86115),(45,'Facility BSA',45,'Central Government',39013),(46,'Facility BTA',46,'Central Government',73829),(47,'Facility BUA',47,'Central Government',67693),(48,'Facility BVA',48,'Central Government',82030),(49,'Facility BWA',49,'Central Government',30831),(50,'Facility BXA',50,'State Government',88176),(51,'Facility BYA',51,'Central Government',28781),(52,'Facility BZA',52,'Central Government',18547),(53,'Facility CAA',53,'Central Government',18548),(54,'Facility CBA',54,'State Government',39031),(55,'Facility CCA',55,'Central Government',30842),(56,'Facility CDA',56,'Central Government',24699),(57,'Facility CEA',57,'Central Government',79994),(58,'Facility CFA',58,'Central Government',20606),(59,'Facility CGA',59,'Central Government',18559),(61,'Facility CIA',61,'State Government',90241),(62,'Facility CJA',62,'State Government',20614),(63,'Facility CKA',63,'Central Government',28807),(64,'Facility CLA',64,'State Government',20617),(65,'Facility CMA',65,'State Government',88206),(66,'Facility CNA',66,'Central Government',59536),(67,'Facility COA',67,'Central Government',63635),(68,'Facility CPA',68,'State Government',47251),(69,'Facility CQA',69,'Central Government',90259),(70,'Facility CRA',70,'Central Government',82072),(71,'Facility CSA',71,'State Government',88229),(72,'Facility CTA',72,'State Government',34982),(73,'Facility CUA',73,'State Government',30890),(74,'Facility CVA',74,'State Government',57514),(75,'Facility CWA',75,'State Government',77997),(76,'Facility CXA',76,'Central Government',47279),(77,'Facility CYA',77,'State Government',96431),(78,'Facility CZA',78,'Central Government',16561),(79,'Facility DAA',79,'State Government',28850),(80,'Facility DBA',80,'Central Government',28849),(81,'Facility DCA',81,'Central Government',12468),(82,'Facility DDA',82,'Central Government',67761),(83,'Facility DEA',83,'Central Government',69808),(84,'Facility DFA',84,'State Government',69813),(85,'Facility DGA',85,'State Government',37050),(86,'Facility DHA',86,'State Government',90299),(87,'Facility DIA',87,'Central Government',32956),(88,'Facility DJA',88,'Central Government',49341),(89,'Facility DKA',89,'Central Government',20669),(90,'Facility DLA',90,'State Government',49343),(91,'Facility DMA',91,'State Government',51389),(92,'Facility DNA',92,'Central Government',41148),(93,'Facility DOA',93,'Central Government',84163),(94,'Facility DPA',94,'Central Government',92356),(95,'Facility DQA',95,'State Government',30916),(96,'Facility DRA',96,'State Government',39113),(97,'Facility DSA',97,'Central Government',71886),(98,'Facility DTA',98,'State Government',57551),(99,'Facility DUA',99,'Central Government',71888),(100,'Facility DVA',100,'Central Government',92369),(101,'Facility DWA',101,'Central Government',59600),(102,'Facility DXA',102,'Central Government',96467),(103,'Facility DYA',103,'Central Government',26837),(104,'Facility DZA',104,'Central Government',55511),(105,'Facility EAA',105,'State Government',88280),(106,'Facility EBA',106,'State Government',24793),(107,'Facility ECA',107,'Central Government',86236),(108,'Facility EDA',108,'State Government',35040),(109,'Facility EEA',109,'Central Government',94436),(110,'Facility EFA',110,'State Government',80101),(111,'Facility EGA',111,'State Government',33007),(112,'Facility EHA',112,'State Government',73969),(113,'Facility EIA',113,'State Government',55537),(114,'Facility EJA',114,'State Government',26868),(115,'Facility EKA',115,'State Government',24821),(116,'Facility ELA',116,'Central Government',94454),(117,'Facility EMA',117,'Central Government',20725),(118,'Facility ENA',118,'Central Government',49403),(119,'Facility EOA',119,'Central Government',86271),(120,'Facility EPA',120,'Central Government',57600),(121,'Facility EQA',121,'State Government',59648),(122,'Facility ERA',122,'Central Government',43265),(123,'Facility ESA',123,'State Government',12546),(124,'Facility ETA',124,'State Government',98564),(125,'Facility EUA',125,'Central Government',16647),(126,'Facility EVA',126,'Central Government',35081),(127,'Facility EWA',127,'State Government',94474),(128,'Facility EXA',128,'State Government',69899),(129,'Facility EYA',129,'Central Government',71946),(130,'Facility EZA',130,'State Government',41230),(131,'Facility FAA',131,'State Government',80144),(132,'Facility FBA',132,'State Government',84240),(133,'Facility FCA',133,'Central Government',51472),(134,'Facility FDA',134,'Central Government',78100),(135,'Facility FEA',135,'State Government',30997),(136,'Facility FFA',136,'State Government',10518),(137,'Facility FGA',137,'State Government',24855),(138,'Facility FHA',138,'State Government',51483),(139,'Facility FIA',139,'State Government',57628),(140,'Facility FJA',140,'Central Government',18717),(141,'Facility FKA',141,'Central Government',71967),(142,'Facility FLA',142,'State Government',78113),(143,'Facility FMA',143,'Central Government',41250),(144,'Facility FNA',144,'State Government',31013),(145,'Facility FOA',145,'State Government',53541),(146,'Facility FPA',146,'Central Government',90407),(147,'Facility FQA',147,'State Government',80168),(148,'Facility FRA',148,'Central Government',16682),(149,'Facility FSA',149,'State Government',88363),(150,'Facility FTA',150,'Central Government',86320),(151,'Facility FUA',151,'Central Government',67889),(152,'Facility FVA',152,'Central Government',47418),(153,'Facility FWA',153,'Central Government',59710),(154,'Facility FXA',154,'Central Government',90436),(155,'Facility FYA',155,'State Government',63813),(156,'Facility FZA',156,'Central Government',24904),(157,'Facility GAA',157,'State Government',41288),(158,'Facility GBA',158,'State Government',92491),(159,'Facility GCA',159,'Central Government',35150),(160,'Facility GDA',160,'Central Government',61775),(161,'Facility GEA',161,'State Government',55634),(162,'Facility GFA',162,'Central Government',98644),(163,'Facility GGA',163,'Central Government',76117),(164,'Facility GHA',164,'Central Government',84311),(165,'Facility GIA',165,'Central Government',20829),(166,'Facility GJA',166,'State Government',78178),(167,'Facility GKA',167,'State Government',63845),(168,'Facility GLA',168,'Central Government',31079),(169,'Facility GMA',169,'State Government',96615),(170,'Facility GNA',170,'Central Government',33129),(171,'Facility GOA',171,'Central Government',10603),(172,'Facility GPA',172,'Central Government',20844),(173,'Facility GQA',173,'State Government',18797),(174,'Facility GRA',174,'State Government',88429),(175,'Facility GSA',175,'Central Government',86380),(176,'Facility GTA',176,'Central Government',74092),(177,'Facility GUA',177,'State Government',80238),(178,'Facility GVA',178,'State Government',80242),(179,'Facility GWA',179,'Central Government',16750),(180,'Facility GXA',180,'Central Government',39291),(181,'Facility GYA',181,'State Government',74115),(182,'Facility GZA',182,'State Government',31111),(183,'Facility HAA',183,'Central Government',98696),(184,'Facility HBA',1,'Central Government',88457),(185,'Facility HCA',2,'Central Government',65930),(186,'Facility HDA',3,'Central Government',65934),(187,'Facility HEA',4,'State Government',27025),(188,'Facility HFA',5,'State Government',98707),(189,'Facility HGA',6,'Central Government',70040),(190,'Facility HHA',7,'State Government',22936),(191,'Facility HIA',8,'State Government',41368),(192,'Facility HJA',9,'State Government',86427),(193,'Facility HKA',10,'Central Government',43419),(194,'Facility HLA',11,'Central Government',92570),(195,'Facility HMA',12,'Central Government',10656),(196,'Facility HNA',13,'State Government',55713),(197,'Facility HOA',14,'State Government',10657),(198,'Facility HPA',15,'Central Government',96679),(199,'Facility HQA',16,'State Government',49575),(200,'Facility HRA',17,'State Government',92585),(201,'Facility HSA',18,'State Government',14768),(202,'Facility HTA',19,'State Government',80307),(203,'Facility HUA',20,'Central Government',43447),(204,'Facility HVA',21,'State Government',12727),(205,'Facility HWA',22,'Central Government',31161),(206,'Facility HXA',23,'Central Government',18875),(207,'Facility HYA',24,'Central Government',14782),(208,'Facility HZA',25,'State Government',78277),(209,'Facility IAA',26,'Central Government',98758),(210,'Facility IBA',27,'Central Government',98763),(211,'Facility ICA',28,'Central Government',43468),(212,'Facility IDA',29,'Central Government',92621),(213,'Facility IEA',30,'Central Government',96720),(214,'Facility IFA',31,'State Government',80344),(215,'Facility IGA',32,'Central Government',23006),(216,'Facility IHA',33,'Central Government',12766),(217,'Facility IIA',34,'Central Government',82399),(218,'Facility IJA',35,'State Government',51679),(219,'Facility IKA',36,'State Government',92644),(220,'Facility ILA',37,'State Government',33252),(221,'Facility IMA',38,'State Government',76263),(222,'Facility INA',39,'Central Government',72169),(223,'Facility IOA',40,'State Government',78314),(224,'Facility IPA',41,'Central Government',47596),(225,'Facility IQA',42,'State Government',70127),(226,'Facility IRA',43,'State Government',49649),(227,'Facility ISA',44,'State Government',96756),(228,'Facility ITA',45,'State Government',94711),(229,'Facility IUA',46,'State Government',53757),(230,'Facility IVA',47,'Central Government',39423),(231,'Facility IWA',48,'State Government',94720),(232,'Facility IXA',49,'State Government',35330),(233,'Facility IYA',50,'State Government',16903),(234,'Facility IZA',51,'State Government',55818),(235,'Facility JAA',52,'State Government',59920),(236,'Facility JBA',53,'Central Government',78352),(237,'Facility JCA',54,'Central Government',78355),(238,'Facility JDA',55,'Central Government',35353),(239,'Facility JEA',56,'State Government',74267),(240,'Facility JFA',57,'Central Government',12832),(241,'Facility JGA',58,'State Government',23074),(242,'Facility JHA',59,'Central Government',55843),(244,'Facility JJA',61,'Central Government',49703),(245,'Facility JKA',62,'State Government',23079),(246,'Facility JLA',63,'State Government',61991),(247,'Facility JMA',64,'Central Government',92714),(248,'Facility JNA',65,'State Government',29226),(249,'Facility JOA',66,'Central Government',53809),(250,'Facility JPA',67,'Central Government',90673),(251,'Facility JQA',68,'State Government',98878),(252,'Facility JRA',69,'Central Government',37438),(253,'Facility JSA',70,'Central Government',66110),(254,'Facility JTA',71,'State Government',92737),(255,'Facility JUA',72,'State Government',10818),(256,'Facility JVA',73,'State Government',43585),(257,'Facility JWA',74,'State Government',16965),(258,'Facility JXA',75,'Central Government',90693),(259,'Facility JYA',76,'Central Government',37446),(260,'Facility JZA',77,'State Government',88650),(261,'Facility KAA',78,'Central Government',98893),(262,'Facility KBA',79,'State Government',92751),(263,'Facility KCA',80,'State Government',78420),(264,'Facility KDA',81,'State Government',12884),(265,'Facility KEA',82,'Central Government',53849),(266,'Facility KFA',83,'Central Government',31322),(267,'Facility KGA',84,'State Government',43609),(268,'Facility KHA',85,'Central Government',55902),(269,'Facility KIA',86,'Central Government',57951),(270,'Facility KJA',87,'Central Government',21088),(271,'Facility KKA',88,'Central Government',16996),(272,'Facility KLA',89,'Central Government',64101),(273,'Facility KMA',90,'Central Government',96870),(274,'Facility KNA',91,'State Government',33382),(275,'Facility KOA',92,'Central Government',41577),(276,'Facility KPA',93,'State Government',14954),(277,'Facility KQA',94,'Central Government',88684),(278,'Facility KRA',95,'Central Government',70254),(279,'Facility KSA',96,'Central Government',33392),(280,'Facility KTA',97,'Central Government',51826),(281,'Facility KUA',98,'Central Government',68211),(282,'Facility KVA',99,'Central Government',51829),(283,'Facility KWA',100,'Central Government',53878),(284,'Facility KXA',101,'Central Government',96892),(285,'Facility KYA',102,'State Government',57982),(286,'Facility KZA',103,'Central Government',72320),(287,'Facility LAA',104,'State Government',62082),(288,'Facility LBA',105,'State Government',82563),(289,'Facility LCA',106,'Central Government',49798),(290,'Facility LDA',107,'Central Government',68230),(291,'Facility LEA',108,'Central Government',60038),(292,'Facility LFA',109,'Central Government',35468),(293,'Facility LGA',110,'Central Government',49804),(294,'Facility LHA',111,'Central Government',41614),(295,'Facility LIA',112,'State Government',47759),(296,'Facility LJA',113,'Central Government',84624),(297,'Facility LKA',114,'State Government',25232),(298,'Facility LLA',115,'State Government',12949),(299,'Facility LMA',116,'Central Government',23193),(300,'Facility LNA',117,'Central Government',76442),(301,'Facility LOA',118,'Central Government',78491),(302,'Facility LPA',119,'State Government',74395),(303,'Facility LQA',120,'Central Government',94877),(304,'Facility LRA',121,'State Government',31389),(305,'Facility LSA',122,'Central Government',41631),(306,'Facility LTA',123,'Central Government',23202),(307,'Facility LUA',124,'State Government',25252),(308,'Facility LVA',125,'State Government',94890),(309,'Facility LWA',126,'Central Government',92842),(310,'Facility LXA',127,'Central Government',90797),(311,'Facility LYA',128,'Central Government',31406),(312,'Facility LZA',129,'State Government',66224),(313,'Facility MAA',130,'Central Government',15024),(314,'Facility MBA',131,'Central Government',98997),(315,'Facility MCA',132,'Central Government',27320),(316,'Facility MDA',133,'Central Government',60088),(317,'Facility MEA',134,'State Government',78525),(318,'Facility MFA',135,'State Government',72382),(319,'Facility MGA',136,'Central Government',51905),(320,'Facility MHA',137,'State Government',17094),(321,'Facility MIA',138,'Central Government',10951),(322,'Facility MJA',139,'Central Government',62152),(323,'Facility MKA',140,'State Government',19143),(324,'Facility MLA',141,'Central Government',76489),(325,'Facility MMA',142,'State Government',99021),(326,'Facility MNA',143,'Central Government',39630),(327,'Facility MOA',144,'State Government',51920),(328,'Facility MPA',145,'State Government',39640),(329,'Facility MQA',146,'State Government',19161),(330,'Facility MRA',147,'State Government',45785),(331,'Facility MSA',148,'State Government',58074),(332,'Facility MTA',149,'State Government',31452),(333,'Facility MUA',150,'Central Government',47836),(334,'Facility MVA',151,'Central Government',66270),(335,'Facility MWA',152,'State Government',41693),(336,'Facility MXA',153,'Central Government',84704),(337,'Facility MYA',154,'Central Government',41698),(338,'Facility MZA',155,'State Government',94947),(339,'Facility NAA',156,'State Government',96997),(340,'Facility NBA',157,'State Government',62186),(341,'Facility NCA',158,'Central Government',84716),(342,'Facility NDA',159,'Central Government',35567),(343,'Facility NEA',160,'Central Government',23280),(344,'Facility NFA',161,'State Government',54004),(345,'Facility NGA',162,'State Government',51956),(346,'Facility NHA',163,'State Government',94968),(347,'Facility NIA',164,'Central Government',11001),(348,'Facility NJA',165,'State Government',15101),(349,'Facility NKA',166,'State Government',17157),(350,'Facility NLA',167,'State Government',70408),(351,'Facility NMA',168,'Central Government',21258),(352,'Facility NNA',169,'State Government',97035),(353,'Facility NOA',170,'Central Government',27404),(354,'Facility NPA',171,'Central Government',86795),(355,'Facility NQA',172,'Central Government',62219),(356,'Facility NRA',173,'Central Government',41746),(357,'Facility NSA',174,'Central Government',95003),(358,'Facility NTA',175,'Central Government',11036),(359,'Facility NUA',176,'State Government',47901),(360,'Facility NVA',177,'Central Government',97054),(361,'Facility NWA',178,'State Government',90908),(362,'Facility NXA',179,'Central Government',62241),(363,'Facility NYA',180,'State Government',39721),(364,'Facility NZA',181,'State Government',78637),(365,'Facility OAA',182,'Central Government',11054),(366,'Facility OBA',183,'State Government',88885),(367,'Facility OCA',1,'Central Government',76598),(368,'Facility ODA',2,'Central Government',27448),(369,'Facility OEA',3,'Central Government',13113),(370,'Facility OFA',4,'Central Government',13119),(371,'Facility OGA',5,'Central Government',90943),(372,'Facility OHA',6,'State Government',95042),(373,'Facility OIA',7,'Central Government',21320),(374,'Facility OJA',8,'Central Government',66376),(375,'Facility OKA',9,'State Government',58185),(376,'Facility OLA',10,'Central Government',11086),(377,'Facility OMA',11,'State Government',70481),(378,'Facility ONA',12,'State Government',19281),(379,'Facility OOA',13,'Central Government',88913),(380,'Facility OPA',14,'State Government',74580),(381,'Facility OQA',15,'Central Government',33621),(382,'Facility ORA',16,'State Government',52052),(383,'Facility OSA',17,'Central Government',76631),(384,'Facility OTA',18,'State Government',47957),(385,'Facility OUA',19,'Central Government',66393),(386,'Facility OVA',20,'Central Government',50010),(387,'Facility OWA',21,'State Government',23386),(388,'Facility OXA',22,'Central Government',21340),(389,'Facility OYA',23,'Central Government',35678),(390,'Facility OZA',24,'State Government',52064),(391,'Facility PAA',25,'State Government',29537),(392,'Facility PBA',26,'Central Government',93026),(393,'Facility PCA',27,'State Government',84834),(394,'Facility PDA',28,'Central Government',13156),(395,'Facility PEA',29,'Central Government',62310),(396,'Facility PFA',30,'State Government',33638),(397,'Facility PGA',31,'State Government',99176),(398,'Facility PHA',32,'Central Government',58218),(399,'Facility PIA',33,'Central Government',56180),(400,'Facility PJA',34,'State Government',31607),(401,'Facility PKA',35,'State Government',60281),(402,'Facility PLA',36,'Central Government',47993),(403,'Facility PMA',37,'Central Government',64379),(404,'Facility PNA',38,'Central Government',11138),(405,'Facility POA',39,'Central Government',37763),(406,'Facility PPA',40,'State Government',86915),(407,'Facility PQA',41,'Central Government',39812),(408,'Facility PRA',42,'State Government',64390),(409,'Facility PSA',43,'Central Government',13190),(410,'Facility PTA',44,'Central Government',66440),(411,'Facility PUA',45,'State Government',25480),(412,'Facility PVA',46,'Central Government',70538),(413,'Facility PWA',47,'State Government',99210),(414,'Facility PXA',48,'State Government',43907),(415,'Facility PYA',49,'Central Government',17295),(416,'Facility PZA',50,'Central Government',95129),(417,'Facility QAA',51,'Central Government',27547),(418,'Facility QBA',52,'State Government',50078),(419,'Facility QCA',53,'State Government',76707),(420,'Facility QDA',54,'Central Government',68516),(421,'Facility QEA',55,'Central Government',82853),(422,'Facility QFA',56,'Central Government',25510),(423,'Facility QGA',57,'State Government',41891),(424,'Facility QHA',58,'State Government',54186),(425,'Facility QIA',59,'State Government',68527),(427,'Facility QKA',61,'Central Government',48054),(428,'Facility QLA',62,'State Government',21433),(429,'Facility QMA',63,'State Government',91070),(430,'Facility QNA',64,'Central Government',66497),(431,'Facility QOA',65,'State Government',54209),(432,'Facility QPA',66,'Central Government',80835),(433,'Facility QQA',67,'Central Government',91077),(434,'Facility QRA',68,'Central Government',35782),(435,'Facility QSA',69,'State Government',76741),(436,'Facility QTA',70,'Central Government',72650),(437,'Facility QUA',71,'Central Government',60364),(438,'Facility QVA',72,'State Government',52173),(439,'Facility QWA',73,'Central Government',76750),(440,'Facility QXA',74,'Central Government',23504),(441,'Facility QYA',75,'Central Government',33745),(442,'Facility QZA',76,'Central Government',35794),(443,'Facility RAA',77,'State Government',78803),(444,'Facility RBA',78,'State Government',31706),(445,'Facility RCA',79,'Central Government',41947),(446,'Facility RDA',80,'Central Government',70618),(447,'Facility REA',81,'Central Government',21469),(448,'Facility RFA',82,'Central Government',29661),(449,'Facility RGA',83,'State Government',19421),(450,'Facility RHA',84,'Central Government',76763),(451,'Facility RIA',85,'State Government',37857),(452,'Facility RJA',86,'State Government',80866),(453,'Facility RKA',87,'State Government',54243),(454,'Facility RLA',88,'Central Government',95197),(455,'Facility RMA',89,'Central Government',27615),(456,'Facility RNA',90,'State Government',35815),(457,'Facility ROA',91,'State Government',37864),(458,'Facility RPA',92,'State Government',33769),(459,'Facility RQA',93,'State Government',29673),(460,'Facility RRA',94,'Central Government',39915),(461,'Facility RSA',95,'Central Government',29675),(462,'Facility RTA',96,'Central Government',64497),(463,'Facility RUA',97,'Central Government',52210),(464,'Facility RVA',98,'Central Government',95217),(465,'Facility RWA',99,'Central Government',62452),(466,'Facility RXA',100,'State Government',93169),(467,'Facility RYA',101,'Central Government',91126),(468,'Facility RZA',102,'Central Government',29686),(469,'Facility SAA',103,'State Government',60408),(470,'Facility SBA',104,'State Government',87033),(471,'Facility SCA',105,'Central Government',80890),(472,'Facility SDA',106,'State Government',25597),(473,'Facility SEA',107,'State Government',66559),(474,'Facility SFA',108,'State Government',66561),(475,'Facility SGA',109,'Central Government',58370),(476,'Facility SHA',110,'Central Government',87043),(477,'Facility SIA',111,'Central Government',37893),(478,'Facility SJA',112,'State Government',15368),(479,'Facility SKA',113,'State Government',91144),(480,'Facility SLA',114,'State Government',37900),(481,'Facility SMA',115,'State Government',13324),(482,'Facility SNA',116,'State Government',31760),(483,'Facility SOA',117,'Central Government',91156),(484,'Facility SPA',118,'State Government',58388),(485,'Facility SQA',119,'Central Government',42004),(486,'Facility SRA',120,'State Government',37913),(487,'Facility SSA',121,'Central Government',72731),(488,'Facility STA',122,'State Government',13340),(489,'Facility SUA',123,'State Government',23581),(490,'Facility SVA',124,'State Government',39967),(491,'Facility SWA',125,'Central Government',27683),(492,'Facility SXA',126,'State Government',82984),(493,'Facility SYA',127,'State Government',93224),(494,'Facility SZA',128,'Central Government',46122),(495,'Facility TAA',129,'Central Government',29739),(496,'Facility TBA',130,'Central Government',48172),(497,'Facility TCA',131,'Central Government',70697),(498,'Facility TDA',132,'State Government',46131),(499,'Facility TEA',133,'State Government',93237),(500,'Facility TFA',134,'Central Government',78902),(501,'Facility TGA',135,'Central Government',35895),(502,'Facility THA',136,'State Government',58422),(503,'Facility TIA',137,'Central Government',35894),(504,'Facility TJA',138,'State Government',11327),(505,'Facility TKA',139,'Central Government',23618),(506,'Facility TLA',140,'State Government',68677),(507,'Facility TMA',141,'State Government',33861),(508,'Facility TNA',142,'State Government',54346),(509,'Facility TOA',143,'Central Government',35915),(510,'Facility TPA',144,'Central Government',68684),(511,'Facility TQA',145,'State Government',52307),(512,'Facility TRA',146,'Central Government',50261),(513,'Facility TSA',147,'State Government',99413),(514,'Facility TTA',148,'Central Government',68696),(515,'Facility TUA',149,'State Government',50268),(516,'Facility TVA',150,'State Government',54368),(517,'Facility TWA',151,'Central Government',31840),(518,'Facility TXA',152,'State Government',87142),(519,'Facility TYA',153,'Central Government',91239),(520,'Facility TZA',154,'Central Government',58479),(521,'Facility UAA',155,'State Government',50289),(522,'Facility UBA',156,'State Government',95348),(523,'Facility UCA',157,'State Government',50293),(524,'Facility UDA',158,'State Government',46201),(525,'Facility UEA',159,'Central Government',60537),(526,'Facility UFA',160,'State Government',35967),(527,'Facility UGA',161,'Central Government',27777),(528,'Facility UHA',162,'State Government',52355),(529,'Facility UIA',163,'Central Government',11397),(530,'Facility UJA',164,'Central Government',15494),(531,'Facility UKA',165,'State Government',50314),(532,'Facility ULA',166,'State Government',56462),(533,'Facility UMA',167,'Central Government',48272),(534,'Facility UNA',168,'Central Government',58515),(535,'Facility UOA',169,'State Government',72852),(536,'Facility UPA',170,'Central Government',91284),(537,'Facility UQA',171,'State Government',66711),(538,'Facility URA',172,'Central Government',13465),(539,'Facility USA',173,'State Government',46234),(540,'Facility UTA',174,'State Government',89244),(541,'Facility UUA',175,'State Government',48284),(542,'Facility UVA',176,'Central Government',15518),(543,'Facility UWA',177,'State Government',40098),(544,'Facility UXA',178,'State Government',13475),(545,'Facility UYA',179,'Central Government',42149),(546,'Facility UZA',180,'Central Government',60586),(547,'Facility VAA',181,'Central Government',87212),(548,'Facility VBA',182,'Central Government',85166),(549,'Facility VCA',183,'Central Government',91311),(550,'Facility VDA',1,'Central Government',27824),(551,'Facility VEA',2,'Central Government',83122),(552,'Facility VFA',3,'State Government',54454),(553,'Facility VGA',4,'Central Government',93366),(554,'Facility VHA',5,'Central Government',15543),(555,'Facility VIA',6,'Central Government',23737),(556,'Facility VJA',7,'Central Government',36027),(557,'Facility VKA',8,'State Government',97469),(558,'Facility VLA',9,'Central Government',15549),(559,'Facility VMA',10,'Central Government',66751),(560,'Facility VNA',11,'Central Government',23741),(561,'Facility VOA',12,'Central Government',13502),(562,'Facility VPA',13,'Central Government',40130),(563,'Facility VQA',14,'Central Government',13506),(564,'Facility VRA',15,'State Government',25795),(565,'Facility VSA',16,'State Government',97477),(566,'Facility VTA',17,'Central Government',91334),(567,'Facility VUA',18,'State Government',42179),(568,'Facility VVA',19,'Central Government',40136),(569,'Facility VWA',20,'State Government',52423),(570,'Facility VXA',21,'State Government',17613),(571,'Facility VYA',22,'State Government',66769),(572,'Facility VZA',23,'State Government',36053),(573,'Facility WAA',24,'Central Government',87254),(574,'Facility WBA',25,'State Government',29912),(575,'Facility WCA',26,'Central Government',66779),(576,'Facility WDA',27,'State Government',13531),(577,'Facility WEA',28,'State Government',81118),(578,'Facility WFA',29,'Central Government',19680),(579,'Facility WGA',30,'Central Government',48357),(580,'Facility WHA',31,'State Government',72935),(581,'Facility WIA',32,'Central Government',11501),(582,'Facility WJA',33,'Central Government',46317),(583,'Facility WKA',34,'State Government',34033),(584,'Facility WLA',35,'State Government',97522),(585,'Facility WMA',36,'Central Government',87284),(586,'Facility WNA',37,'State Government',52471),(587,'Facility WOA',38,'Central Government',29950),(588,'Facility WPA',39,'Central Government',56579),(589,'Facility WQA',40,'State Government',64772),(590,'Facility WRA',41,'Central Government',44295),(591,'Facility WSA',42,'Central Government',68871),(592,'Facility WTA',43,'State Government',68872),(593,'Facility WUA',44,'State Government',70923),(594,'Facility WVA',45,'Central Government',70930),(595,'Facility WWA',46,'State Government',38166),(596,'Facility WXA',47,'State Government',54551),(597,'Facility WYA',48,'State Government',97558),(598,'Facility WZA',49,'Central Government',60699),(599,'Facility XAA',50,'Central Government',75036),(600,'Facility XBA',51,'Central Government',48413),(601,'Facility XCA',52,'State Government',46366),(602,'Facility XDA',53,'State Government',15648),(603,'Facility XEA',54,'State Government',97571),(604,'Facility XFA',55,'Central Government',60707),(605,'Facility XGA',56,'State Government',89381),(606,'Facility XHA',57,'State Government',25892),(607,'Facility XIA',58,'State Government',52520),(608,'Facility XJA',59,'State Government',87346),(610,'Facility XLA',61,'State Government',81207),(611,'Facility XMA',62,'Central Government',93495),(612,'Facility XNA',63,'State Government',89404),(613,'Facility XOA',64,'State Government',64830),(614,'Facility XPA',65,'Central Government',52547),(615,'Facility XQA',66,'State Government',66884),(616,'Facility XRA',67,'Central Government',52555),(617,'Facility XSA',68,'Central Government',85328),(618,'Facility XTA',69,'Central Government',56657),(619,'Facility XUA',70,'Central Government',73040),(620,'Facility XVA',71,'State Government',42320),(621,'Facility XWA',72,'State Government',56660),(622,'Facility XXA',73,'Central Government',75093),(623,'Facility XYA',74,'Central Government',11604),(624,'Facility XZA',75,'Central Government',81236),(625,'Facility YAA',76,'Central Government',77136),(626,'Facility YBA',77,'Central Government',15707),(627,'Facility YCA',78,'State Government',95582),(628,'Facility YDA',79,'Central Government',15715),(629,'Facility YEA',80,'State Government',11621),(630,'Facility YFA',81,'State Government',71014),(631,'Facility YGA',82,'State Government',87399),(632,'Facility YHA',83,'State Government',97640),(633,'Facility YIA',84,'State Government',32106),(634,'Facility YJA',85,'Central Government',77162),(635,'Facility YKA',86,'Central Government',66934),(636,'Facility YLA',87,'Central Government',71032),(637,'Facility YMA',88,'State Government',50556),(638,'Facility YNA',89,'State Government',50557),(639,'Facility YOA',90,'State Government',87421),(640,'Facility YPA',91,'State Government',34175),(641,'Facility YQA',92,'State Government',79230),(642,'Facility YRA',93,'State Government',91530),(643,'Facility YSA',94,'Central Government',62859),(644,'Facility YTA',95,'Central Government',28055),(645,'Facility YUA',96,'Central Government',85402),(646,'Facility YVA',97,'Central Government',48538),(647,'Facility YWA',98,'State Government',95644),(648,'Facility YXA',99,'Central Government',48544),(649,'Facility YYA',100,'Central Government',85411),(650,'Facility YZA',101,'Central Government',71076),(651,'Facility ZAA',102,'State Government',13732),(652,'Facility ZBA',103,'State Government',69028),(653,'Facility ZCA',104,'Central Government',11684),(654,'Facility ZDA',105,'State Government',50600),(655,'Facility ZEA',106,'State Government',40356),(656,'Facility ZFA',107,'State Government',44469),(657,'Facility ZGA',108,'State Government',71094),(658,'Facility ZHA',109,'State Government',83382),(659,'Facility ZIA',110,'State Government',36277),(660,'Facility ZJA',111,'State Government',50619),(661,'Facility ZKA',112,'State Government',42428),(662,'Facility ZLA',113,'Central Government',60863),(663,'Facility ZMA',114,'Central Government',52676),(664,'Facility ZNA',115,'Central Government',62918),(665,'Facility ZOA',116,'Central Government',44487),(666,'Facility ZPA',117,'Central Government',81351),(667,'Facility ZQA',118,'Central Government',99785),(668,'Facility ZRA',119,'Central Government',95690),(669,'Facility ZSA',120,'State Government',89544),(670,'Facility ZTA',121,'Central Government',58829),(671,'Facility ZUA',122,'Central Government',58830),(672,'Facility ZVA',123,'State Government',75215),(673,'Facility ZWA',124,'State Government',19928),(674,'Facility ZXA',125,'Central Government',85464),(675,'Facility ZYA',126,'Central Government',97753),(676,'Facility ZZA',127,'State Government',75229),(677,'Facility AAB',128,'Central Government',81377),(678,'Facility ABB',129,'Central Government',85475),(679,'Facility ACB',130,'State Government',64998),(680,'Facility ADB',131,'Central Government',48617),(681,'Facility AEB',132,'State Government',56812),(682,'Facility AFB',133,'Central Government',19951),(683,'Facility AGB',134,'Central Government',22001),(684,'Facility AHB',135,'State Government',67061),(685,'Facility AIB',136,'State Government',69112),(686,'Facility AJB',137,'Central Government',52731),(687,'Facility AKB',138,'Central Government',24063),(688,'Facility ALB',139,'State Government',19968),(689,'Facility AMB',140,'State Government',58885),(690,'Facility ANB',141,'State Government',38406),(691,'Facility AOB',142,'State Government',38409),(692,'Facility APB',143,'State Government',77323),(693,'Facility AQB',144,'Central Government',42511),(694,'Facility ARB',145,'State Government',11792),(695,'Facility ASB',146,'Central Government',46609),(696,'Facility ATB',147,'Central Government',38418),(697,'Facility AUB',148,'Central Government',50707),(698,'Facility AVB',149,'State Government',99861),(699,'Facility AWB',150,'State Government',46613),(700,'Facility AXB',151,'Central Government',38423),(701,'Facility AYB',152,'Central Government',19995),(702,'Facility AZB',153,'State Government',87580),(703,'Facility BAB',154,'State Government',75300),(704,'Facility BBB',155,'State Government',77353),(705,'Facility BCB',156,'Central Government',44585),(706,'Facility BDB',157,'Central Government',48685),(707,'Facility BEB',158,'State Government',38446),(708,'Facility BFB',159,'State Government',30255),(709,'Facility BGB',160,'Central Government',63027),(710,'Facility BHB',161,'Central Government',63029),(711,'Facility BIB',162,'State Government',79413),(712,'Facility BJB',163,'Central Government',40506),(713,'Facility BKB',164,'Central Government',22075),(714,'Facility BLB',165,'Central Government',93755),(715,'Facility BMB',166,'Central Government',60996),(716,'Facility BNB',167,'Central Government',79429),(717,'Facility BOB',168,'Central Government',52804),(718,'Facility BPB',169,'Central Government',42569),(719,'Facility BQB',170,'State Government',36431),(720,'Facility BRB',171,'Central Government',91728),(721,'Facility BSB',172,'Central Government',54864),(722,'Facility BTB',173,'Central Government',13903),(723,'Facility BUB',174,'Central Government',44627),(724,'Facility BVB',175,'Central Government',83539),(725,'Facility BWB',176,'Central Government',15955),(726,'Facility BXB',177,'Central Government',32342),(727,'Facility BYB',178,'State Government',38486),(728,'Facility BZB',179,'State Government',11862),(729,'Facility CAB',180,'Central Government',73307),(730,'Facility CBB',181,'Central Government',44636),(731,'Facility CCB',182,'Central Government',24157),(732,'Facility CDB',183,'State Government',18015),(733,'Facility CEB',1,'Central Government',95840),(734,'Facility CFB',2,'State Government',20066),(735,'Facility CGB',3,'State Government',11879),(736,'Facility CHB',4,'State Government',26215),(737,'Facility CIB',5,'Central Government',73327),(738,'Facility CJB',6,'State Government',34416),(739,'Facility CKB',7,'Central Government',67189),(740,'Facility CLB',8,'State Government',34424),(741,'Facility CMB',9,'State Government',56955),(742,'Facility CNB',10,'Central Government',44667),(743,'Facility COB',11,'State Government',85628),(744,'Facility CPB',12,'State Government',77438),(745,'Facility CQB',13,'State Government',15999),(746,'Facility CRB',14,'State Government',44673),(747,'Facility CSB',15,'State Government',56961),(748,'Facility CTB',16,'Central Government',63107),(749,'Facility CUB',17,'Central Government',30343),(750,'Facility CVB',18,'Central Government',24201),(751,'Facility CWB',19,'State Government',28297),(752,'Facility CXB',20,'State Government',71307),(753,'Facility CYB',21,'State Government',40587),(754,'Facility CZB',22,'State Government',87698),(755,'Facility DAB',23,'State Government',18068),(756,'Facility DBB',24,'Central Government',79508),(757,'Facility DCB',25,'State Government',65177),(758,'Facility DDB',26,'Central Government',87710),(759,'Facility DEB',27,'Central Government',20132),(760,'Facility DFB',28,'State Government',59045),(761,'Facility DGB',29,'Central Government',65190),(762,'Facility DHB',30,'State Government',42664),(763,'Facility DIB',31,'State Government',77481),(764,'Facility DJB',32,'Central Government',54956),(765,'Facility DKB',33,'State Government',93868),(766,'Facility DLB',34,'Central Government',18098),(767,'Facility DMB',35,'Central Government',95928),(768,'Facility DNB',36,'State Government',28347),(769,'Facility DOB',37,'State Government',14011),(770,'Facility DPB',38,'Central Government',16064),(771,'Facility DQB',39,'Central Government',93890),(772,'Facility DRB',40,'Central Government',61126),(773,'Facility DSB',41,'Central Government',18120),(774,'Facility DTB',42,'State Government',11977),(775,'Facility DUB',43,'State Government',77514),(776,'Facility DVB',44,'Central Government',87756),(777,'Facility DWB',45,'Central Government',34509),(778,'Facility DXB',46,'State Government',95949),(779,'Facility DYB',47,'State Government',89810),(780,'Facility DZB',48,'Central Government',32471),(781,'Facility EAB',49,'Central Government',54999),(782,'Facility EBB',50,'Central Government',75484),(783,'Facility ECB',51,'Central Government',38620),(784,'Facility EDB',52,'Central Government',46814),(785,'Facility EEB',53,'State Government',59107),(786,'Facility EFB',54,'State Government',24293),(787,'Facility EGB',55,'State Government',46827),(788,'Facility EHB',56,'State Government',91884),(789,'Facility EIB',57,'Central Government',89839),(790,'Facility EJB',58,'Central Government',34544),(791,'Facility EKB',59,'Central Government',22255),(793,'Facility EMB',61,'State Government',98033),(794,'Facility ENB',62,'State Government',98045),(795,'Facility EOB',63,'Central Government',48893),(796,'Facility EPB',64,'State Government',95999),(797,'Facility EQB',65,'Central Government',85762),(798,'Facility ERB',66,'Central Government',12035),(799,'Facility ESB',67,'State Government',22275),(800,'Facility ETB',68,'State Government',53000),(801,'Facility EUB',69,'State Government',55049),(802,'Facility EVB',70,'State Government',57098),(803,'Facility EWB',71,'Central Government',65293),(804,'Facility EXB',72,'State Government',96015),(805,'Facility EYB',73,'Central Government',89881),(806,'Facility EZB',74,'Central Government',59162),(807,'Facility FAB',75,'State Government',42778),(808,'Facility FBB',76,'Central Government',55069),(809,'Facility FCB',77,'State Government',46877),(810,'Facility FDB',78,'Central Government',67359),(811,'Facility FEB',79,'Central Government',36640),(812,'Facility FFB',80,'State Government',77601),(813,'Facility FGB',81,'State Government',57124),(814,'Facility FHB',82,'Central Government',10024),(815,'Facility FIB',83,'Central Government',32556),(816,'Facility FJB',84,'Central Government',75565),(817,'Facility FKB',85,'Central Government',42798),(818,'Facility FLB',86,'State Government',14127),(819,'Facility FMB',87,'State Government',12080),(820,'Facility FNB',88,'State Government',42805),(821,'Facility FOB',89,'Central Government',10037),(822,'Facility FPB',90,'Central Government',20279),(823,'Facility FQB',91,'State Government',85816),(824,'Facility FRB',92,'State Government',91961),(825,'Facility FSB',93,'Central Government',53051),(826,'Facility FTB',94,'Central Government',63291),(827,'Facility FUB',95,'State Government',87869),(828,'Facility FVB',96,'Central Government',83780),(829,'Facility FWB',97,'Central Government',77638),(830,'Facility FXB',98,'State Government',22342),(831,'Facility FYB',99,'State Government',79689),(832,'Facility FZB',100,'Central Government',57162),(833,'Facility GAB',101,'State Government',96077),(834,'Facility GBB',102,'State Government',46927),(835,'Facility GCB',103,'Central Government',96080),(836,'Facility GDB',104,'Central Government',61264),(837,'Facility GEB',105,'Central Government',67413),(838,'Facility GFB',106,'State Government',59222),(839,'Facility GGB',107,'Central Government',46939),(840,'Facility GHB',108,'Central Government',10076),(841,'Facility GIB',109,'State Government',46941),(842,'Facility GJB',110,'State Government',53086),(843,'Facility GKB',111,'State Government',12123),(844,'Facility GLB',112,'Central Government',61283),(845,'Facility GMB',113,'Central Government',26469),(846,'Facility GNB',114,'Central Government',18280),(847,'Facility GOB',115,'Central Government',65385),(848,'Facility GPB',116,'Central Government',42860),(849,'Facility GQB',117,'Central Government',38766),(850,'Facility GRB',118,'Central Government',85870),(851,'Facility GSB',119,'State Government',44910),(852,'Facility GTB',120,'Central Government',94063),(853,'Facility GUB',121,'Central Government',96118),(854,'Facility GVB',122,'State Government',79735),(855,'Facility GWB',123,'State Government',77688),(856,'Facility GXB',124,'Central Government',12154),(857,'Facility GYB',125,'State Government',89980),(858,'Facility GZB',126,'State Government',65405),(859,'Facility HAB',127,'State Government',51071),(860,'Facility HBB',128,'Central Government',53119),(861,'Facility HCB',129,'Central Government',75649),(862,'Facility HDB',130,'Central Government',14210),(863,'Facility HEB',131,'State Government',92033),(864,'Facility HFB',132,'State Government',57226),(865,'Facility HGB',133,'Central Government',34700),(866,'Facility HHB',134,'Central Government',16271),(867,'Facility HIB',135,'Central Government',42898),(868,'Facility HJB',136,'Central Government',94099),(869,'Facility HKB',137,'Central Government',61332),(870,'Facility HLB',138,'State Government',14233),(871,'Facility HMB',139,'State Government',90009),(872,'Facility HNB',140,'Central Government',87962),(873,'Facility HOB',141,'State Government',92063),(874,'Facility HPB',142,'State Government',57252),(875,'Facility HQB',143,'Central Government',20388),(876,'Facility HRB',144,'Central Government',34725),(877,'Facility HSB',145,'Central Government',36775),(878,'Facility HTB',146,'Central Government',96169),(879,'Facility HUB',147,'State Government',59307),(880,'Facility HVB',148,'State Government',96175),(881,'Facility HWB',149,'Central Government',55215),(882,'Facility HXB',150,'State Government',44977),(883,'Facility HYB',151,'State Government',59313),(884,'Facility HZB',152,'State Government',32694),(885,'Facility IAB',153,'Central Government',75702),(886,'Facility IBB',154,'State Government',63417),(887,'Facility ICB',155,'State Government',96186),(888,'Facility IDB',156,'State Government',32700),(889,'Facility IEB',157,'State Government',32702),(890,'Facility IFB',158,'State Government',20415),(891,'Facility IGB',159,'State Government',94149),(892,'Facility IHB',160,'Central Government',69576),(893,'Facility IIB',161,'Central Government',49097),(894,'Facility IJB',162,'Central Government',16329),(895,'Facility IKB',163,'State Government',67534),(896,'Facility ILB',164,'Central Government',83924),(897,'Facility IMB',165,'State Government',61397),(898,'Facility INB',166,'Central Government',40921),(899,'Facility IOB',167,'State Government',57308),(900,'Facility IPB',168,'State Government',69599),(901,'Facility IQB',169,'Central Government',57315),(902,'Facility IRB',170,'State Government',14308),(903,'Facility ISB',171,'State Government',47076),(904,'Facility ITB',172,'State Government',30694),(905,'Facility IUB',173,'State Government',69606),(906,'Facility IVB',174,'Central Government',71657),(907,'Facility IWB',175,'State Government',30698),(908,'Facility IXB',176,'Central Government',38890),(909,'Facility IYB',177,'Central Government',69615),(910,'Facility IZB',178,'Central Government',20469),(911,'Facility JAB',179,'State Government',59382),(912,'Facility JBB',180,'Central Government',32763),(913,'Facility JCB',181,'Central Government',12284),(914,'Facility JDB',182,'Central Government',15723),(915,'Facility JEB',183,'Central Government',98322);
/*!40000 ALTER TABLE `quarantine_facilities` ENABLE KEYS */;
UNLOCK TABLES;

--
-- Table structure for table `testing_labs`
--

DROP TABLE IF EXISTS `testing_labs`;
/*!40101 SET @saved_cs_client     = @@character_set_client */;
/*!50503 SET character_set_client = utf8mb4 */;
CREATE TABLE `testing_labs` (
  `lab_id` int NOT NULL,
  `lab_name` varchar(100) NOT NULL,
  `country_id` int NOT NULL,
  `lab_type` varchar(50) NOT NULL,
  `testing_capacity` int NOT NULL,
  PRIMARY KEY (`lab_id`),
  KEY `country_id` (`country_id`),
  CONSTRAINT `testing_labs_ibfk_1` FOREIGN KEY (`country_id`) REFERENCES `countries` (`country_id`)
) ENGINE=InnoDB DEFAULT CHARSET=utf8mb4 COLLATE=utf8mb4_0900_ai_ci;
/*!40101 SET character_set_client = @saved_cs_client */;

--
-- Dumping data for table `testing_labs`
--

LOCK TABLES `testing_labs` WRITE;
/*!40000 ALTER TABLE `testing_labs` DISABLE KEYS */;
INSERT INTO `testing_labs` VALUES (1,'Lab AAA',1,'Public',711),(2,'Lab ABA',2,'Private',52),(3,'Lab ACA',3,'Private',87),(4,'Lab ADA',4,'Private',276),(5,'Lab AEA',5,'Public',706),(6,'Lab AFA',6,'Public',862),(7,'Lab AGA',7,'Public',295),(8,'Lab AHA',8,'Public',424),(9,'Lab AIA',9,'Private',283),(10,'Lab AJA',10,'Public',867),(11,'Lab AKA',11,'Private',561),(12,'Lab ALA',12,'Private',92),(13,'Lab AMA',13,'Public',20),(14,'Lab ANA',14,'Public',671),(15,'Lab AOA',15,'Private',534),(16,'Lab APA',16,'Public',617),(17,'Lab AQA',17,'Public',499),(18,'Lab ARA',18,'Public',536),(19,'Lab ASA',19,'Private',625),(20,'Lab ATA',20,'Private',692),(21,'Lab AUA',21,'Private',718),(22,'Lab AVA',22,'Private',789),(23,'Lab AWA',23,'Private',231),(24,'Lab AXA',24,'Public',913),(25,'Lab AYA',25,'Private',849),(26,'Lab AZA',26,'Public',873),(27,'Lab BAA',27,'Public',502),(28,'Lab BBA',28,'Private',7),(29,'Lab BCA',29,'Public',16),(30,'Lab BDA',30,'Private',525),(31,'Lab BEA',31,'Public',665),(32,'Lab BFA',32,'Private',53),(33,'Lab BGA',33,'Private',485),(34,'Lab BHA',34,'Private',451),(35,'Lab BIA',35,'Private',663),(36,'Lab BJA',36,'Public',40),(37,'Lab BKA',37,'Public',196),(38,'Lab BLA',38,'Private',844),(39,'Lab BMA',39,'Private',548),(40,'Lab BNA',40,'Public',379),(41,'Lab BOA',41,'Public',780),(42,'Lab BPA',42,'Private',826),(43,'Lab BQA',43,'Public',64),(44,'Lab BRA',44,'Public',132),(45,'Lab BSA',45,'Private',635),(46,'Lab BTA',46,'Public',699),(47,'Lab BUA',47,'Private',66),(48,'Lab BVA',48,'Private',177),(49,'Lab BWA',49,'Public',879),(50,'Lab BXA',50,'Public',357),(51,'Lab BYA',51,'Private',713),(52,'Lab BZA',52,'Public',55),(53,'Lab CAA',53,'Private',155),(54,'Lab CBA',54,'Public',341),(55,'Lab CCA',55,'Private',647),(56,'Lab CDA',56,'Private',529),(57,'Lab CEA',57,'Public',224),(58,'Lab CFA',58,'Public',605),(59,'Lab CGA',59,'Public',315),(61,'Lab CIA',61,'Public',494),(62,'Lab CJA',62,'Private',289),(63,'Lab CKA',63,'Public',417),(64,'Lab CLA',64,'Public',58),(65,'Lab CMA',65,'Public',459),(66,'Lab CNA',66,'Private',385),(67,'Lab COA',67,'Private',868),(68,'Lab CPA',68,'Public',268),(69,'Lab CQA',69,'Public',798),(70,'Lab CRA',70,'Private',648),(71,'Lab CSA',71,'Private',875),(72,'Lab CTA',72,'Private',883),(73,'Lab CUA',73,'Private',0),(74,'Lab CVA',74,'Private',662),(75,'Lab CWA',75,'Private',818),(76,'Lab CXA',76,'Public',597),(77,'Lab CYA',77,'Public',250),(78,'Lab CZA',78,'Public',405),(79,'Lab DAA',79,'Private',99),(80,'Lab DBA',80,'Private',142),(81,'Lab DCA',81,'Public',914),(82,'Lab DDA',82,'Public',474),(83,'Lab DEA',83,'Private',515),(84,'Lab DFA',84,'Private',432),(85,'Lab DGA',85,'Private',767),(86,'Lab DHA',86,'Public',456),(87,'Lab DIA',87,'Public',483),(88,'Lab DJA',88,'Private',476),(89,'Lab DKA',89,'Private',520),(90,'Lab DLA',90,'Private',545),(91,'Lab DMA',91,'Public',6),(92,'Lab DNA',92,'Private',216),(93,'Lab DOA',93,'Private',519),(94,'Lab DPA',94,'Public',642),(95,'Lab DQA',95,'Private',700),(96,'Lab DRA',96,'Public',331),(97,'Lab DSA',97,'Private',533),(98,'Lab DTA',98,'Public',658),(99,'Lab DUA',99,'Public',582),(100,'Lab DVA',100,'Public',431),(101,'Lab DWA',101,'Public',580),(102,'Lab DXA',102,'Public',207),(103,'Lab DYA',103,'Private',178),(104,'Lab DZA',104,'Public',339),(105,'Lab EAA',105,'Private',48),(106,'Lab EBA',106,'Public',800),(107,'Lab ECA',107,'Private',223),(108,'Lab EDA',108,'Public',521),(109,'Lab EEA',109,'Private',370),(110,'Lab EFA',110,'Private',316),(111,'Lab EGA',111,'Public',446),(112,'Lab EHA',112,'Private',624),(113,'Lab EIA',113,'Private',34),(114,'Lab EJA',114,'Private',842),(115,'Lab EKA',115,'Private',572),(116,'Lab ELA',116,'Public',324),(117,'Lab EMA',117,'Private',787),(118,'Lab ENA',118,'Private',813),(119,'Lab EOA',119,'Public',438),(120,'Lab EPA',120,'Private',371),(121,'Lab EQA',121,'Public',392),(122,'Lab ERA',122,'Public',396),(123,'Lab ESA',123,'Private',199),(124,'Lab ETA',124,'Private',218),(125,'Lab EUA',125,'Private',279),(126,'Lab EVA',126,'Private',543),(127,'Lab EWA',127,'Public',434),(128,'Lab EXA',128,'Public',245),(129,'Lab EYA',129,'Private',463),(130,'Lab EZA',130,'Public',461),(131,'Lab FAA',131,'Public',409),(132,'Lab FBA',132,'Private',551),(133,'Lab FCA',133,'Private',136),(134,'Lab FDA',134,'Public',150),(135,'Lab FEA',135,'Private',209),(136,'Lab FFA',136,'Private',473),(137,'Lab FGA',137,'Private',640),(138,'Lab FHA',138,'Private',874),(139,'Lab FIA',139,'Private',300),(140,'Lab FJA',140,'Private',641),(141,'Lab FKA',141,'Public',156),(142,'Lab FLA',142,'Private',750),(143,'Lab FMA',143,'Private',358),(144,'Lab FNA',144,'Public',398),(145,'Lab FOA',145,'Private',340),(146,'Lab FPA',146,'Public',785),(147,'Lab FQA',147,'Public',455),(148,'Lab FRA',148,'Private',10),(149,'Lab FSA',149,'Private',344),(150,'Lab FTA',150,'Public',323),(151,'Lab FUA',151,'Private',174),(152,'Lab FVA',152,'Private',61),(153,'Lab FWA',153,'Private',846),(154,'Lab FXA',154,'Private',685),(155,'Lab FYA',155,'Private',828),(156,'Lab FZA',156,'Private',742),(157,'Lab GAA',157,'Private',741),(158,'Lab GBA',158,'Private',427),(159,'Lab GCA',159,'Public',374),(160,'Lab GDA',160,'Private',691),(161,'Lab GEA',161,'Private',102),(162,'Lab GFA',162,'Public',154),(163,'Lab GGA',163,'Public',403),(164,'Lab GHA',164,'Private',890),(165,'Lab GIA',165,'Public',782),(166,'Lab GJA',166,'Public',886),(167,'Lab GKA',167,'Private',5),(168,'Lab GLA',168,'Public',404),(169,'Lab GMA',169,'Private',162),(170,'Lab GNA',170,'Private',39),(171,'Lab GOA',171,'Public',503),(172,'Lab GPA',172,'Public',891),(173,'Lab GQA',173,'Private',458),(174,'Lab GRA',174,'Public',679),(175,'Lab GSA',175,'Private',646),(176,'Lab GTA',176,'Private',670),(177,'Lab GUA',177,'Private',399),(178,'Lab GVA',178,'Public',486),(179,'Lab GWA',179,'Public',336),(180,'Lab GXA',180,'Private',869),(181,'Lab GYA',181,'Private',815),(182,'Lab GZA',182,'Private',2),(183,'Lab HAA',183,'Private',645),(184,'Lab HBA',1,'Private',690),(185,'Lab HCA',2,'Public',236),(186,'Lab HDA',3,'Private',801),(187,'Lab HEA',4,'Private',654),(188,'Lab HFA',5,'Public',81),(189,'Lab HGA',6,'Public',449),(190,'Lab HHA',7,'Private',293),(191,'Lab HIA',8,'Private',211),(192,'Lab HJA',9,'Private',535),(193,'Lab HKA',10,'Public',724),(194,'Lab HLA',11,'Private',517),(195,'Lab HMA',12,'Public',860),(196,'Lab HNA',13,'Private',686),(197,'Lab HOA',14,'Public',82),(198,'Lab HPA',15,'Public',678),(199,'Lab HQA',16,'Private',733),(200,'Lab HRA',17,'Private',627),(201,'Lab HSA',18,'Private',37),(202,'Lab HTA',19,'Private',803),(203,'Lab HUA',20,'Public',38),(204,'Lab HVA',21,'Private',49),(205,'Lab HWA',22,'Private',887),(206,'Lab HXA',23,'Public',414),(207,'Lab HYA',24,'Public',516),(208,'Lab HZA',25,'Public',74),(209,'Lab IAA',26,'Public',203),(210,'Lab IBA',27,'Public',615),(211,'Lab ICA',28,'Private',387),(212,'Lab IDA',29,'Public',555),(213,'Lab IEA',30,'Private',759),(214,'Lab IFA',31,'Public',330),(215,'Lab IGA',32,'Public',368),(216,'Lab IHA',33,'Private',450),(217,'Lab IIA',34,'Public',839),(218,'Lab IJA',35,'Private',78),(219,'Lab IKA',36,'Public',291),(220,'Lab ILA',37,'Private',675),(221,'Lab IMA',38,'Public',235),(222,'Lab INA',39,'Private',774),(223,'Lab IOA',40,'Private',426),(224,'Lab IPA',41,'Private',287),(225,'Lab IQA',42,'Private',644),(226,'Lab IRA',43,'Private',130),(227,'Lab ISA',44,'Private',346),(228,'Lab ITA',45,'Private',120),(229,'Lab IUA',46,'Public',135),(230,'Lab IVA',47,'Public',127),(231,'Lab IWA',48,'Private',552),(232,'Lab IXA',49,'Private',277),(233,'Lab IYA',50,'Private',907),(234,'Lab IZA',51,'Private',212),(235,'Lab JAA',52,'Public',263),(236,'Lab JBA',53,'Public',308),(237,'Lab JCA',54,'Private',622),(238,'Lab JDA',55,'Private',11),(239,'Lab JEA',56,'Public',631),(240,'Lab JFA',57,'Private',856),(241,'Lab JGA',58,'Public',895),(242,'Lab JHA',59,'Public',737),(244,'Lab JJA',61,'Public',568),(245,'Lab JKA',62,'Public',423),(246,'Lab JLA',63,'Private',565),(247,'Lab JMA',64,'Public',145),(248,'Lab JNA',65,'Private',512),(249,'Lab JOA',66,'Public',598),(250,'Lab JPA',67,'Private',903),(251,'Lab JQA',68,'Private',744),(252,'Lab JRA',69,'Private',602),(253,'Lab JSA',70,'Private',464),(254,'Lab JTA',71,'Private',697),(255,'Lab JUA',72,'Public',489),(256,'Lab JVA',73,'Public',633),(257,'Lab JWA',74,'Private',735),(258,'Lab JXA',75,'Public',712),(259,'Lab JYA',76,'Public',353),(260,'Lab JZA',77,'Private',743),(261,'Lab KAA',78,'Public',630),(262,'Lab KBA',79,'Private',51),(263,'Lab KCA',80,'Public',83),(264,'Lab KDA',81,'Private',159),(265,'Lab KEA',82,'Public',896),(266,'Lab KFA',83,'Public',121),(267,'Lab KGA',84,'Public',251),(268,'Lab KHA',85,'Public',593),(269,'Lab KIA',86,'Public',639),(270,'Lab KJA',87,'Private',100),(271,'Lab KKA',88,'Public',338),(272,'Lab KLA',89,'Private',311),(273,'Lab KMA',90,'Private',433),(274,'Lab KNA',91,'Private',471),(275,'Lab KOA',92,'Public',757),(276,'Lab KPA',93,'Public',526),(277,'Lab KQA',94,'Public',601),(278,'Lab KRA',95,'Public',795),(279,'Lab KSA',96,'Private',349),(280,'Lab KTA',97,'Public',419),(281,'Lab KUA',98,'Private',581),(282,'Lab KVA',99,'Public',810),(283,'Lab KWA',100,'Private',238),(284,'Lab KXA',101,'Public',509),(285,'Lab KYA',102,'Public',805),(286,'Lab KZA',103,'Public',284),(287,'Lab LAA',104,'Private',587),(288,'Lab LBA',105,'Public',321),(289,'Lab LCA',106,'Public',753),(290,'Lab LDA',107,'Private',230),(291,'Lab LEA',108,'Public',702),(292,'Lab LFA',109,'Private',866),(293,'Lab LGA',110,'Private',429),(294,'Lab LHA',111,'Public',437),(295,'Lab LIA',112,'Private',233),(296,'Lab LJA',113,'Public',496),(297,'Lab LKA',114,'Private',313),(298,'Lab LLA',115,'Private',511),(299,'Lab LMA',116,'Private',762),(300,'Lab LNA',117,'Private',77),(301,'Lab LOA',118,'Public',328),(302,'Lab LPA',119,'Private',54),(303,'Lab LQA',120,'Private',202),(304,'Lab LRA',121,'Public',65),(305,'Lab LSA',122,'Private',481),(306,'Lab LTA',123,'Public',571),(307,'Lab LUA',124,'Private',248),(308,'Lab LVA',125,'Public',468),(309,'Lab LWA',126,'Private',660),(310,'Lab LXA',127,'Private',272),(311,'Lab LYA',128,'Private',303),(312,'Lab LZA',129,'Private',198),(313,'Lab MAA',130,'Private',717),(314,'Lab MBA',131,'Private',754),(315,'Lab MCA',132,'Private',193),(316,'Lab MDA',133,'Public',8),(317,'Lab MEA',134,'Private',681),(318,'Lab MFA',135,'Public',636),(319,'Lab MGA',136,'Private',237),(320,'Lab MHA',137,'Public',549),(321,'Lab MIA',138,'Private',505),(322,'Lab MJA',139,'Private',208),(323,'Lab MKA',140,'Private',22),(324,'Lab MLA',141,'Private',680),(325,'Lab MMA',142,'Public',523),(326,'Lab MNA',143,'Private',36),(327,'Lab MOA',144,'Public',910),(328,'Lab MPA',145,'Public',134),(329,'Lab MQA',146,'Public',147),(330,'Lab MRA',147,'Public',500),(331,'Lab MSA',148,'Public',320),(332,'Lab MTA',149,'Private',487),(333,'Lab MUA',150,'Public',365),(334,'Lab MVA',151,'Private',772),(335,'Lab MWA',152,'Private',497),(336,'Lab MXA',153,'Private',46),(337,'Lab MYA',154,'Public',608),(338,'Lab MZA',155,'Public',393),(339,'Lab NAA',156,'Private',721),(340,'Lab NBA',157,'Public',247),(341,'Lab NCA',158,'Public',460),(342,'Lab NDA',159,'Public',364),(343,'Lab NEA',160,'Public',577),(344,'Lab NFA',161,'Public',105),(345,'Lab NGA',162,'Public',669),(346,'Lab NHA',163,'Private',729),(347,'Lab NIA',164,'Public',366),(348,'Lab NJA',165,'Private',191),(349,'Lab NKA',166,'Public',725),(350,'Lab NLA',167,'Public',407),(351,'Lab NMA',168,'Private',722),(352,'Lab NNA',169,'Private',621),(353,'Lab NOA',170,'Public',219),(354,'Lab NPA',171,'Public',830),(355,'Lab NQA',172,'Public',848),(356,'Lab NRA',173,'Private',57),(357,'Lab NSA',174,'Public',752),(358,'Lab NTA',175,'Private',812),(359,'Lab NUA',176,'Public',649),(360,'Lab NVA',177,'Private',428),(361,'Lab NWA',178,'Public',664),(362,'Lab NXA',179,'Private',672),(363,'Lab NYA',180,'Private',854),(364,'Lab NZA',181,'Private',859),(365,'Lab OAA',182,'Public',195),(366,'Lab OBA',183,'Public',350),(367,'Lab OCA',1,'Private',394),(368,'Lab ODA',2,'Public',73),(369,'Lab OEA',3,'Public',62),(370,'Lab OFA',4,'Private',270),(371,'Lab OGA',5,'Public',123),(372,'Lab OHA',6,'Public',708),(373,'Lab OIA',7,'Private',732),(374,'Lab OJA',8,'Public',761),(375,'Lab OKA',9,'Private',107),(376,'Lab OLA',10,'Private',693),(377,'Lab OMA',11,'Public',537),(378,'Lab ONA',12,'Private',730),(379,'Lab OOA',13,'Public',871),(380,'Lab OPA',14,'Private',210),(381,'Lab OQA',15,'Public',292),(382,'Lab ORA',16,'Private',467),(383,'Lab OSA',17,'Private',760),(384,'Lab OTA',18,'Private',837),(385,'Lab OUA',19,'Private',249),(386,'Lab OVA',20,'Private',420),(387,'Lab OWA',21,'Private',612),(388,'Lab OXA',22,'Public',32),(389,'Lab OYA',23,'Private',462),(390,'Lab OZA',24,'Private',60),(391,'Lab PAA',25,'Public',220),(392,'Lab PBA',26,'Public',275),(393,'Lab PCA',27,'Private',894),(394,'Lab PDA',28,'Public',322),(395,'Lab PEA',29,'Private',877),(396,'Lab PFA',30,'Private',117),(397,'Lab PGA',31,'Public',807),(398,'Lab PHA',32,'Private',819),(399,'Lab PIA',33,'Private',556),(400,'Lab PJA',34,'Public',840),(401,'Lab PKA',35,'Public',829),(402,'Lab PLA',36,'Private',583),(403,'Lab PMA',37,'Private',659),(404,'Lab PNA',38,'Public',362),(405,'Lab POA',39,'Public',435),(406,'Lab PPA',40,'Private',50),(407,'Lab PQA',41,'Private',47),(408,'Lab PRA',42,'Private',95),(409,'Lab PSA',43,'Public',492),(410,'Lab PTA',44,'Public',85),(411,'Lab PUA',45,'Public',604),(412,'Lab PVA',46,'Private',12),(413,'Lab PWA',47,'Public',31),(414,'Lab PXA',48,'Private',788),(415,'Lab PYA',49,'Private',562),(416,'Lab PZA',50,'Private',141),(417,'Lab QAA',51,'Public',747),(418,'Lab QBA',52,'Private',794),(419,'Lab QCA',53,'Public',280),(420,'Lab QDA',54,'Private',258),(421,'Lab QEA',55,'Private',440),(422,'Lab QFA',56,'Public',599),(423,'Lab QGA',57,'Private',824),(424,'Lab QHA',58,'Public',169),(425,'Lab QIA',59,'Private',850),(427,'Lab QKA',61,'Private',175),(428,'Lab QLA',62,'Public',726),(429,'Lab QMA',63,'Private',144),(430,'Lab QNA',64,'Private',56),(431,'Lab QOA',65,'Private',542),(432,'Lab QPA',66,'Public',373),(433,'Lab QQA',67,'Private',629),(434,'Lab QRA',68,'Public',628),(435,'Lab QSA',69,'Public',600),(436,'Lab QTA',70,'Public',682),(437,'Lab QUA',71,'Public',63),(438,'Lab QVA',72,'Public',701),(439,'Lab QWA',73,'Private',855),(440,'Lab QXA',74,'Public',888),(441,'Lab QYA',75,'Public',488),(442,'Lab QZA',76,'Private',607),(443,'Lab RAA',77,'Public',666),(444,'Lab RBA',78,'Private',43),(445,'Lab RCA',79,'Private',257),(446,'Lab RDA',80,'Public',851),(447,'Lab REA',81,'Public',909),(448,'Lab RFA',82,'Public',880),(449,'Lab RGA',83,'Public',470),(450,'Lab RHA',84,'Public',540),(451,'Lab RIA',85,'Public',684),(452,'Lab RJA',86,'Private',170),(453,'Lab RKA',87,'Private',832),(454,'Lab RLA',88,'Public',448),(455,'Lab RMA',89,'Private',347),(456,'Lab RNA',90,'Public',386),(457,'Lab ROA',91,'Public',192),(458,'Lab RPA',92,'Public',384),(459,'Lab RQA',93,'Private',274),(460,'Lab RRA',94,'Private',261),(461,'Lab RSA',95,'Private',337),(462,'Lab RTA',96,'Private',181),(463,'Lab RUA',97,'Private',591),(464,'Lab RVA',98,'Private',864),(465,'Lab RWA',99,'Public',35),(466,'Lab RXA',100,'Private',160),(467,'Lab RYA',101,'Public',243),(468,'Lab RZA',102,'Public',312),(469,'Lab SAA',103,'Public',655),(470,'Lab SBA',104,'Public',124),(471,'Lab SCA',105,'Private',372),(472,'Lab SDA',106,'Public',345),(473,'Lab SEA',107,'Private',299),(474,'Lab SFA',108,'Private',847),(475,'Lab SGA',109,'Public',106),(476,'Lab SHA',110,'Private',653),(477,'Lab SIA',111,'Private',573),(478,'Lab SJA',112,'Public',86),(479,'Lab SKA',113,'Public',229),(480,'Lab SLA',114,'Public',325),(481,'Lab SMA',115,'Public',206),(482,'Lab SNA',116,'Public',9),(483,'Lab SOA',117,'Public',498),(484,'Lab SPA',118,'Public',306),(485,'Lab SQA',119,'Private',538),(486,'Lab SRA',120,'Private',165),(487,'Lab SSA',121,'Public',564),(488,'Lab STA',122,'Public',447),(489,'Lab SUA',123,'Private',70),(490,'Lab SVA',124,'Private',475),(491,'Lab SWA',125,'Private',406),(492,'Lab SXA',126,'Public',1),(493,'Lab SYA',127,'Private',298),(494,'Lab SZA',128,'Public',98),(495,'Lab TAA',129,'Public',390),(496,'Lab TBA',130,'Public',554),(497,'Lab TCA',131,'Public',626),(498,'Lab TDA',132,'Private',278),(499,'Lab TEA',133,'Public',333),(500,'Lab TFA',134,'Private',745),(501,'Lab TGA',135,'Private',530),(502,'Lab THA',136,'Private',76),(503,'Lab TIA',137,'Private',611),(504,'Lab TJA',138,'Private',232),(505,'Lab TKA',139,'Public',738),(506,'Lab TLA',140,'Public',335),(507,'Lab TMA',141,'Private',148),(508,'Lab TNA',142,'Private',575),(509,'Lab TOA',143,'Private',688),(510,'Lab TPA',144,'Private',454),(511,'Lab TQA',145,'Public',180),(512,'Lab TRA',146,'Private',244),(513,'Lab TSA',147,'Public',410),(514,'Lab TTA',148,'Public',776),(515,'Lab TUA',149,'Private',902),(516,'Lab TVA',150,'Public',466),(517,'Lab TWA',151,'Private',770),(518,'Lab TXA',152,'Public',213),(519,'Lab TYA',153,'Private',112),(520,'Lab TZA',154,'Private',89),(521,'Lab UAA',155,'Private',528),(522,'Lab UBA',156,'Private',395),(523,'Lab UCA',157,'Private',616),(524,'Lab UDA',158,'Private',777),(525,'Lab UEA',159,'Public',302),(526,'Lab UFA',160,'Public',33),(527,'Lab UGA',161,'Private',637),(528,'Lab UHA',162,'Public',739),(529,'Lab UIA',163,'Public',411),(530,'Lab UJA',164,'Private',75),(531,'Lab UKA',165,'Private',273),(532,'Lab ULA',166,'Private',436),(533,'Lab UMA',167,'Private',723),(534,'Lab UNA',168,'Private',779),(535,'Lab UOA',169,'Public',413),(536,'Lab UPA',170,'Private',381),(537,'Lab UQA',171,'Public',911),(538,'Lab URA',172,'Private',477),(539,'Lab USA',173,'Public',197),(540,'Lab UTA',174,'Public',578),(541,'Lab UUA',175,'Private',363),(542,'Lab UVA',176,'Public',253),(543,'Lab UWA',177,'Private',878),(544,'Lab UXA',178,'Private',651),(545,'Lab UYA',179,'Public',623),(546,'Lab UZA',180,'Private',182),(547,'Lab VAA',181,'Private',518),(548,'Lab VBA',182,'Public',118),(549,'Lab VCA',183,'Private',29),(550,'Lab VDA',1,'Private',110),(551,'Lab VEA',2,'Public',27),(552,'Lab VFA',3,'Private',716),(553,'Lab VGA',4,'Private',821),(554,'Lab VHA',5,'Private',94),(555,'Lab VIA',6,'Private',687),(556,'Lab VJA',7,'Public',252),(557,'Lab VKA',8,'Private',288),(558,'Lab VLA',9,'Public',695),(559,'Lab VMA',10,'Public',872),(560,'Lab VNA',11,'Public',158),(561,'Lab VOA',12,'Private',189),(562,'Lab VPA',13,'Private',186),(563,'Lab VQA',14,'Private',369),(564,'Lab VRA',15,'Private',161),(565,'Lab VSA',16,'Private',650),(566,'Lab VTA',17,'Public',367),(567,'Lab VUA',18,'Public',361),(568,'Lab VVA',19,'Private',360),(569,'Lab VWA',20,'Private',28),(570,'Lab VXA',21,'Public',773),(571,'Lab VYA',22,'Private',643),(572,'Lab VZA',23,'Private',790),(573,'Lab WAA',24,'Private',93),(574,'Lab WBA',25,'Public',143),(575,'Lab WCA',26,'Private',239),(576,'Lab WDA',27,'Private',710),(577,'Lab WEA',28,'Private',570),(578,'Lab WFA',29,'Private',714),(579,'Lab WGA',30,'Private',900),(580,'Lab WHA',31,'Public',531),(581,'Lab WIA',32,'Private',351),(582,'Lab WJA',33,'Public',265),(583,'Lab WKA',34,'Private',153),(584,'Lab WLA',35,'Public',122),(585,'Lab WMA',36,'Private',422),(586,'Lab WNA',37,'Public',108),(587,'Lab WOA',38,'Private',592),(588,'Lab WPA',39,'Public',799),(589,'Lab WQA',40,'Public',439),(590,'Lab WRA',41,'Public',806),(591,'Lab WSA',42,'Public',833),(592,'Lab WTA',43,'Public',479),(593,'Lab WUA',44,'Private',912),(594,'Lab WVA',45,'Private',375),(595,'Lab WWA',46,'Private',510),(596,'Lab WXA',47,'Public',590),(597,'Lab WYA',48,'Private',401),(598,'Lab WZA',49,'Public',115),(599,'Lab XAA',50,'Public',241),(600,'Lab XBA',51,'Public',44),(601,'Lab XCA',52,'Private',532),(602,'Lab XDA',53,'Private',176),(603,'Lab XEA',54,'Private',166),(604,'Lab XFA',55,'Private',267),(605,'Lab XGA',56,'Public',412),(606,'Lab XHA',57,'Public',101),(607,'Lab XIA',58,'Private',546),(608,'Lab XJA',59,'Private',595),(610,'Lab XLA',61,'Public',329),(611,'Lab XMA',62,'Public',67),(612,'Lab XNA',63,'Private',834),(613,'Lab XOA',64,'Private',382),(614,'Lab XPA',65,'Public',588),(615,'Lab XQA',66,'Private',297),(616,'Lab XRA',67,'Private',348),(617,'Lab XSA',68,'Private',25),(618,'Lab XTA',69,'Public',689),(619,'Lab XUA',70,'Public',579),(620,'Lab XVA',71,'Private',14),(621,'Lab XWA',72,'Public',484),(622,'Lab XXA',73,'Private',266),(623,'Lab XYA',74,'Private',755),(624,'Lab XZA',75,'Public',763),(625,'Lab YAA',76,'Public',797),(626,'Lab YBA',77,'Private',778),(627,'Lab YCA',78,'Private',865),(628,'Lab YDA',79,'Public',835),(629,'Lab YEA',80,'Public',30),(630,'Lab YFA',81,'Private',889),(631,'Lab YGA',82,'Private',758),(632,'Lab YHA',83,'Private',901),(633,'Lab YIA',84,'Public',765),(634,'Lab YJA',85,'Public',72),(635,'Lab YKA',86,'Public',314),(636,'Lab YLA',87,'Public',400),(637,'Lab YMA',88,'Public',508),(638,'Lab YNA',89,'Public',388),(639,'Lab YOA',90,'Private',709),(640,'Lab YPA',91,'Public',139),(641,'Lab YQA',92,'Public',164),(642,'Lab YRA',93,'Private',200),(643,'Lab YSA',94,'Public',96),(644,'Lab YTA',95,'Private',332),(645,'Lab YUA',96,'Private',490),(646,'Lab YVA',97,'Private',558),(647,'Lab YWA',98,'Public',734),(648,'Lab YXA',99,'Public',796),(649,'Lab YYA',100,'Public',171),(650,'Lab YZA',101,'Private',172),(651,'Lab ZAA',102,'Public',389),(652,'Lab ZBA',103,'Private',421),(653,'Lab ZCA',104,'Public',838),(654,'Lab ZDA',105,'Public',452),(655,'Lab ZEA',106,'Public',418),(656,'Lab ZFA',107,'Private',892),(657,'Lab ZGA',108,'Private',527),(658,'Lab ZHA',109,'Public',264),(659,'Lab ZIA',110,'Private',376),(660,'Lab ZJA',111,'Public',215),(661,'Lab ZKA',112,'Public',13),(662,'Lab ZLA',113,'Private',513),(663,'Lab ZMA',114,'Public',720),(664,'Lab ZNA',115,'Private',557),(665,'Lab ZOA',116,'Private',128),(666,'Lab ZPA',117,'Public',550),(667,'Lab ZQA',118,'Private',764),(668,'Lab ZRA',119,'Public',457),(669,'Lab ZSA',120,'Public',493),(670,'Lab ZTA',121,'Private',4),(671,'Lab ZUA',122,'Private',781),(672,'Lab ZVA',123,'Private',184),(673,'Lab ZWA',124,'Public',853),(674,'Lab ZXA',125,'Private',809),(675,'Lab ZYA',126,'Public',296),(676,'Lab ZZA',127,'Public',784),(677,'Lab AAB',128,'Public',567),(678,'Lab ABB',129,'Private',661),(679,'Lab ACB',130,'Private',811),(680,'Lab ADB',131,'Public',204),(681,'Lab AEB',132,'Private',269),(682,'Lab AFB',133,'Private',619),(683,'Lab AGB',134,'Public',355),(684,'Lab AHB',135,'Public',290),(685,'Lab AIB',136,'Public',775),(686,'Lab AJB',137,'Private',559),(687,'Lab AKB',138,'Private',576),(688,'Lab ALB',139,'Public',334),(689,'Lab AMB',140,'Private',698),(690,'Lab ANB',141,'Public',705),(691,'Lab AOB',142,'Public',904),(692,'Lab APB',143,'Public',881),(693,'Lab AQB',144,'Public',104),(694,'Lab ARB',145,'Public',415),(695,'Lab ASB',146,'Private',634),(696,'Lab ATB',147,'Public',667),(697,'Lab AUB',148,'Private',814),(698,'Lab AVB',149,'Private',585),(699,'Lab AWB',150,'Public',609),(700,'Lab AXB',151,'Private',119),(701,'Lab AYB',152,'Private',657),(702,'Lab AZB',153,'Public',792),(703,'Lab BAB',154,'Private',816),(704,'Lab BBB',155,'Private',309),(705,'Lab BCB',156,'Public',140),(706,'Lab BDB',157,'Private',408),(707,'Lab BEB',158,'Private',852),(708,'Lab BFB',159,'Public',861),(709,'Lab BGB',160,'Public',495),(710,'Lab BHB',161,'Public',15),(711,'Lab BIB',162,'Public',173),(712,'Lab BJB',163,'Public',183),(713,'Lab BKB',164,'Public',638),(714,'Lab BLB',165,'Public',876),(715,'Lab BMB',166,'Private',563),(716,'Lab BNB',167,'Private',632),(717,'Lab BOB',168,'Public',228),(718,'Lab BPB',169,'Private',478),(719,'Lab BQB',170,'Private',286),(720,'Lab BRB',171,'Private',80),(721,'Lab BSB',172,'Private',443),(722,'Lab BTB',173,'Private',205),(723,'Lab BUB',174,'Private',425),(724,'Lab BVB',175,'Public',673),(725,'Lab BWB',176,'Public',858),(726,'Lab BXB',177,'Public',863),(727,'Lab BYB',178,'Private',356),(728,'Lab BZB',179,'Public',430),(729,'Lab CAB',180,'Public',736),(730,'Lab CBB',181,'Private',808),(731,'Lab CCB',182,'Public',906),(732,'Lab CDB',183,'Public',845),(733,'Lab CEB',1,'Private',194),(734,'Lab CFB',2,'Public',793),(735,'Lab CGB',3,'Private',326),(736,'Lab CHB',4,'Private',304),(737,'Lab CIB',5,'Private',84),(738,'Lab CJB',6,'Private',129),(739,'Lab CKB',7,'Private',103),(740,'Lab CLB',8,'Public',126),(741,'Lab CMB',9,'Private',294),(742,'Lab CNB',10,'Public',751),(743,'Lab COB',11,'Public',125),(744,'Lab CPB',12,'Public',606),(745,'Lab CQB',13,'Public',783),(746,'Lab CRB',14,'Private',614),(747,'Lab CSB',15,'Private',179),(748,'Lab CTB',16,'Private',696),(749,'Lab CUB',17,'Public',133),(750,'Lab CVB',18,'Private',214),(751,'Lab CWB',19,'Public',307),(752,'Lab CXB',20,'Public',596),(753,'Lab CYB',21,'Private',246),(754,'Lab CZB',22,'Public',146),(755,'Lab DAB',23,'Private',227),(756,'Lab DBB',24,'Public',68),(757,'Lab DCB',25,'Private',472),(758,'Lab DDB',26,'Private',704),(759,'Lab DEB',27,'Private',769),(760,'Lab DFB',28,'Private',522),(761,'Lab DGB',29,'Public',97),(762,'Lab DHB',30,'Private',683),(763,'Lab DIB',31,'Public',728),(764,'Lab DJB',32,'Private',378),(765,'Lab DKB',33,'Public',240),(766,'Lab DLB',34,'Private',766),(767,'Lab DMB',35,'Public',444),(768,'Lab DNB',36,'Public',719),(769,'Lab DOB',37,'Public',157),(770,'Lab DPB',38,'Private',817),(771,'Lab DQB',39,'Private',41),(772,'Lab DRB',40,'Public',71),(773,'Lab DSB',41,'Private',149),(774,'Lab DTB',42,'Private',397),(775,'Lab DUB',43,'Public',416),(776,'Lab DVB',44,'Private',256),(777,'Lab DWB',45,'Private',802),(778,'Lab DXB',46,'Public',113),(779,'Lab DYB',47,'Private',482),(780,'Lab DZB',48,'Private',618),(781,'Lab EAB',49,'Public',259),(782,'Lab EBB',50,'Private',380),(783,'Lab ECB',51,'Public',574),(784,'Lab EDB',52,'Public',271),(785,'Lab EEB',53,'Private',668),(786,'Lab EFB',54,'Public',190),(787,'Lab EGB',55,'Public',822),(788,'Lab EHB',56,'Private',823),(789,'Lab EIB',57,'Public',187),(790,'Lab EJB',58,'Private',870),(791,'Lab EKB',59,'Private',225),(793,'Lab EMB',61,'Public',185),(794,'Lab ENB',62,'Public',539),(795,'Lab EOB',63,'Private',480),(796,'Lab EPB',64,'Public',514),(797,'Lab EQB',65,'Private',656),(798,'Lab ERB',66,'Private',90),(799,'Lab ESB',67,'Public',445),(800,'Lab ETB',68,'Private',391),(801,'Lab EUB',69,'Public',262),(802,'Lab EVB',70,'Public',541),(803,'Lab EWB',71,'Public',603),(804,'Lab EXB',72,'Private',317),(805,'Lab EYB',73,'Public',3),(806,'Lab EZB',74,'Public',740),(807,'Lab FAB',75,'Private',69),(808,'Lab FBB',76,'Public',465),(809,'Lab FCB',77,'Private',469),(810,'Lab FDB',78,'Public',893),(811,'Lab FEB',79,'Private',21),(812,'Lab FFB',80,'Private',831),(813,'Lab FGB',81,'Public',908),(814,'Lab FHB',82,'Public',59),(815,'Lab FIB',83,'Private',746),(816,'Lab FJB',84,'Private',42),(817,'Lab FKB',85,'Private',825),(818,'Lab FLB',86,'Public',836),(819,'Lab FMB',87,'Private',843),(820,'Lab FNB',88,'Private',553),(821,'Lab FOB',89,'Public',674),(822,'Lab FPB',90,'Private',749),(823,'Lab FQB',91,'Public',201),(824,'Lab FRB',92,'Private',217),(825,'Lab FSB',93,'Public',151),(826,'Lab FTB',94,'Private',310),(827,'Lab FUB',95,'Private',882),(828,'Lab FVB',96,'Private',827),(829,'Lab FWB',97,'Public',260),(830,'Lab FXB',98,'Private',319),(831,'Lab FYB',99,'Private',442),(832,'Lab FZB',100,'Private',402),(833,'Lab GAB',101,'Private',613),(834,'Lab GBB',102,'Private',841),(835,'Lab GCB',103,'Public',506),(836,'Lab GDB',104,'Public',254),(837,'Lab GEB',105,'Public',111),(838,'Lab GFB',106,'Public',281),(839,'Lab GGB',107,'Public',491),(840,'Lab GHB',108,'Private',676),(841,'Lab GIB',109,'Public',116),(842,'Lab GJB',110,'Public',768),(843,'Lab GKB',111,'Private',163),(844,'Lab GLB',112,'Public',898),(845,'Lab GMB',113,'Private',242),(846,'Lab GNB',114,'Public',677),(847,'Lab GOB',115,'Public',79),(848,'Lab GPB',116,'Public',17),(849,'Lab GQB',117,'Public',584),(850,'Lab GRB',118,'Public',547),(851,'Lab GSB',119,'Private',897),(852,'Lab GTB',120,'Public',301),(853,'Lab GUB',121,'Public',383),(854,'Lab GVB',122,'Private',221),(855,'Lab GWB',123,'Private',652),(856,'Lab GXB',124,'Private',589),(857,'Lab GYB',125,'Public',884),(858,'Lab GZB',126,'Private',137),(859,'Lab HAB',127,'Private',524),(860,'Lab HBB',128,'Private',342),(861,'Lab HCB',129,'Public',167),(862,'Lab HDB',130,'Private',507),(863,'Lab HEB',131,'Public',343),(864,'Lab HFB',132,'Private',188),(865,'Lab HGB',133,'Private',441),(866,'Lab HHB',134,'Private',857),(867,'Lab HIB',135,'Public',377),(868,'Lab HJB',136,'Private',771),(869,'Lab HKB',137,'Private',285),(870,'Lab HLB',138,'Public',620),(871,'Lab HMB',139,'Public',586),(872,'Lab HNB',140,'Public',610),(873,'Lab HOB',141,'Private',327),(874,'Lab HPB',142,'Private',131),(875,'Lab HQB',143,'Public',109),(876,'Lab HRB',144,'Private',707),(877,'Lab HSB',145,'Private',26),(878,'Lab HTB',146,'Public',786),(879,'Lab HUB',147,'Private',560),(880,'Lab HVB',148,'Public',359),(881,'Lab HWB',149,'Public',544),(882,'Lab HXB',150,'Private',566),(883,'Lab HYB',151,'Public',23),(884,'Lab HZB',152,'Public',804),(885,'Lab IAB',153,'Public',703),(886,'Lab IBB',154,'Private',138),(887,'Lab ICB',155,'Private',501),(888,'Lab IDB',156,'Public',905),(889,'Lab IEB',157,'Public',18),(890,'Lab IFB',158,'Private',91),(891,'Lab IGB',159,'Public',305),(892,'Lab IHB',160,'Public',318),(893,'Lab IIB',161,'Public',756),(894,'Lab IJB',162,'Private',352),(895,'Lab IKB',163,'Public',899),(896,'Lab ILB',164,'Private',504),(897,'Lab IMB',165,'Public',114),(898,'Lab INB',166,'Public',24),(899,'Lab IOB',167,'Public',791),(900,'Lab IPB',168,'Private',255),(901,'Lab IQB',169,'Private',694),(902,'Lab IRB',170,'Public',234),(903,'Lab ISB',171,'Public',222),(904,'Lab ITB',172,'Private',282),(905,'Lab IUB',173,'Public',453),(906,'Lab IVB',174,'Private',731),(907,'Lab IWB',175,'Public',45),(908,'Lab IXB',176,'Public',168),(909,'Lab IYB',177,'Private',226),(910,'Lab IZB',178,'Public',594),(911,'Lab JAB',179,'Public',19),(912,'Lab JBB',180,'Private',569),(913,'Lab JCB',181,'Private',820),(914,'Lab JDB',182,'Public',715),(915,'Lab JEB',183,'Private',152);
/*!40000 ALTER TABLE `testing_labs` ENABLE KEYS */;
UNLOCK TABLES;

--
-- Table structure for table `vaccines`
--

DROP TABLE IF EXISTS `vaccines`;
/*!40101 SET @saved_cs_client     = @@character_set_client */;
/*!50503 SET character_set_client = utf8mb4 */;
CREATE TABLE `vaccines` (
  `vaccine_id` int NOT NULL,
  `virus_id` int NOT NULL,
  `vaccine_name` varchar(100) NOT NULL,
  `development_status` varchar(50) NOT NULL,
  `efficacy` decimal(5,2) NOT NULL,
  PRIMARY KEY (`vaccine_id`),
  KEY `virus_id` (`virus_id`),
  CONSTRAINT `vaccines_ibfk_1` FOREIGN KEY (`virus_id`) REFERENCES `viruses` (`virus_id`)
) ENGINE=InnoDB DEFAULT CHARSET=utf8mb4 COLLATE=utf8mb4_0900_ai_ci;
/*!40101 SET character_set_client = @saved_cs_client */;

--
-- Dumping data for table `vaccines`
--

LOCK TABLES `vaccines` WRITE;
/*!40000 ALTER TABLE `vaccines` DISABLE KEYS */;
INSERT INTO `vaccines` VALUES (1,1,'COVID-19 Vaccine A','Approved',0.95),(2,1,'COVID-19 Vaccine B','Approved',0.93),(3,2,'Influenza Vaccine A','Approved',0.85),(4,3,'Ebola Vaccine A','Experimental',0.75),(5,4,'Zika Vaccine A','Development',0.68),(6,5,'SARS-CoV Vaccine A','Experimental',0.82),(7,6,'HIV Vaccine A','Development',0.45),(8,7,'Measles Vaccine A','Approved',0.97),(9,8,'Malaria Vaccine A','Experimental',0.62),(10,9,'Dengue Vaccine A','Development',0.55),(11,10,'Chikungunya Vaccine A','Experimental',0.72),(12,11,'Hepatitis B Vaccine A','Approved',0.91),(13,12,'Tuberculosis Vaccine A','Development',0.58),(14,13,'Norovirus Vaccine A','Experimental',0.75),(15,14,'West Nile Vaccine A','Approved',0.88),(16,15,'Yellow Fever Vaccine A','Experimental',0.67),(17,16,'Hantavirus Vaccine A','Development',0.53),(18,17,'Lyme Disease Vaccine A','Experimental',0.79),(19,18,'Avian Influenza Vaccine A','Development',0.61),(20,19,'MERS-CoV Vaccine A','Approved',0.93),(21,20,'Rabies Vaccine A','Experimental',0.78),(22,21,'Cholera Vaccine A','Approved',0.95),(23,22,'Hepatitis C Vaccine A','Development',0.67),(24,23,'Influenza Vaccine A','Approved',0.91),(25,1,'COVID-19 Vaccine B','Approved',0.96),(26,2,'Influenza Vaccine B','Experimental',0.79),(27,3,'Ebola Vaccine B','Development',0.72),(28,4,'Zika Vaccine B','Approved',0.88),(29,5,'SARS-CoV Vaccine B','Experimental',0.83),(30,6,'HIV Vaccine B','Development',0.46),(31,7,'Measles Vaccine B','Approved',0.98),(32,8,'Malaria Vaccine B','Experimental',0.63),(33,9,'Dengue Vaccine B','Development',0.57),(34,10,'Chikungunya Vaccine B','Experimental',0.73),(35,11,'Hepatitis B Vaccine B','Approved',0.92),(36,12,'Tuberculosis Vaccine B','Development',0.59),(37,13,'Norovirus Vaccine B','Experimental',0.76),(38,14,'West Nile Vaccine B','Approved',0.89),(39,15,'Yellow Fever Vaccine B','Experimental',0.68),(40,16,'Hantavirus Vaccine B','Development',0.54),(41,17,'Lyme Disease Vaccine A','Development',0.65),(42,18,'Avian Influenza Vaccine A','Approved',0.93),(43,19,'MERS-CoV Vaccine A','Experimental',0.77),(44,20,'Rabies Vaccine B','Development',0.61),(45,21,'Cholera Vaccine B','Experimental',0.72),(46,22,'Hepatitis C Vaccine B','Approved',0.88),(47,23,'Influenza Vaccine C','Development',0.59),(48,1,'COVID-19 Vaccine C','Approved',0.94),(49,2,'Influenza Vaccine D','Experimental',0.81),(50,3,'Ebola Vaccine C','Development',0.68),(51,4,'Zika Vaccine C','Approved',0.87),(52,5,'SARS-CoV Vaccine C','Experimental',0.82),(53,6,'HIV Vaccine C','Development',0.48),(54,7,'Measles Vaccine C','Approved',0.97),(55,8,'Malaria Vaccine C','Experimental',0.65),(56,9,'Dengue Vaccine C','Approved',0.89),(57,10,'Chikungunya Vaccine C','Development',0.74),(58,11,'Hepatitis B Vaccine C','Experimental',0.66),(59,12,'Tuberculosis Vaccine C','Approved',0.93),(60,13,'Norovirus Vaccine C','Development',0.78),(61,14,'West Nile Virus Vaccine C','Experimental',0.81),(62,15,'Yellow Fever Vaccine C','Approved',0.96),(63,16,'Hantavirus Vaccine C','Development',0.67),(64,17,'Lyme Disease Vaccine B','Experimental',0.76),(65,18,'Avian Influenza Vaccine B','Approved',0.92),(66,19,'MERS-CoV Vaccine B','Development',0.75),(67,20,'Rabies Vaccine C','Experimental',0.59),(68,21,'Cholera Vaccine C','Approved',0.87),(69,22,'Hepatitis C Vaccine D','Development',0.47),(70,23,'Influenza Vaccine E','Experimental',0.78),(71,1,'COVID-19 Vaccine D','Approved',0.93),(72,2,'Influenza Vaccine F','Development',0.68),(73,3,'Ebola Vaccine D','Experimental',0.82),(74,4,'Zika Vaccine D','Approved',0.86),(75,5,'SARS-CoV Vaccine D','Development',0.77),(76,6,'HIV Vaccine E','Development',0.69),(77,7,'Measles Vaccine F','Approved',0.95),(78,8,'Malaria Vaccine F','Experimental',0.81),(79,9,'Dengue Vaccine D','Approved',0.92),(80,10,'Chikungunya Vaccine D','Development',0.74),(81,11,'Hepatitis B Vaccine D','Experimental',0.68),(82,12,'Tuberculosis Vaccine D','Approved',0.91),(83,13,'Norovirus Vaccine D','Development',0.77),(84,14,'West Nile Virus Vaccine D','Experimental',0.82),(85,15,'Yellow Fever Vaccine D','Approved',0.95),(86,16,'Hantavirus Vaccine D','Development',0.68),(87,17,'Lyme Disease Vaccine C','Experimental',0.75),(88,18,'Avian Influenza Vaccine C','Approved',0.91),(89,19,'MERS-CoV Vaccine C','Development',0.76),(90,20,'Rabies Vaccine D','Experimental',0.57),(91,21,'Cholera Vaccine D','Approved',0.88),(92,22,'Hepatitis C Vaccine E','Development',0.49),(93,23,'Influenza Vaccine G','Experimental',0.79),(94,1,'COVID-19 Vaccine E','Approved',0.94),(95,2,'Influenza Vaccine H','Development',0.67),(96,3,'Ebola Vaccine E','Approved',0.93),(97,4,'Zika Vaccine E','Experimental',0.71),(98,5,'SARS-CoV Vaccine D','Development',0.65),(99,6,'HIV Vaccine F','Experimental',0.72),(100,7,'Measles Vaccine G','Approved',0.98);
/*!40000 ALTER TABLE `vaccines` ENABLE KEYS */;
UNLOCK TABLES;

--
-- Table structure for table `viruses`
--

DROP TABLE IF EXISTS `viruses`;
/*!40101 SET @saved_cs_client     = @@character_set_client */;
/*!50503 SET character_set_client = utf8mb4 */;
CREATE TABLE `viruses` (
  `virus_id` int NOT NULL,
  `virus_name` varchar(100) NOT NULL,
  `description` text NOT NULL,
  `transmission_mode` varchar(50) NOT NULL,
  `symptoms` text NOT NULL,
  `prevention_methods` text NOT NULL,
  PRIMARY KEY (`virus_id`)
) ENGINE=InnoDB DEFAULT CHARSET=utf8mb4 COLLATE=utf8mb4_0900_ai_ci;
/*!40101 SET character_set_client = @saved_cs_client */;

--
-- Dumping data for table `viruses`
--

LOCK TABLES `viruses` WRITE;
/*!40000 ALTER TABLE `viruses` DISABLE KEYS */;
INSERT INTO `viruses` VALUES (1,'COVID-19','Coronavirus disease 2019','Airborne','Fever, cough, difficulty breathing','Wearing masks, social distancing, hand hygiene'),(2,'Influenza','Infectious respiratory illness','Airborne','Fever, runny nose, sore throat','Vaccination, hand hygiene, avoiding close contact'),(3,'Ebola','Viral hemorrhagic fever','Direct contact','Fever, headache, muscle pain','Isolation, barrier nursing, safe burial practices'),(4,'Zika','Mosquito-borne viral infection','Mosquito bites','Fever, rash, joint pain','Mosquito control, safe sex practices'),(5,'SARS-CoV','Severe Acute Respiratory Syndrome coronavirus','direct contact','Fever, cough, difficulty breathing','Wearing masks, isolation, hygiene practices'),(6,'HIV','Human Immunodeficiency Virus','Sexual contact','Flu-like symptoms, weakened immune system','Safe sex practices, use of sterile needles'),(7,'Measles','Highly contagious viral infection','Airborne','Rash, high fever, cough','Vaccination, isolation of infected individuals'),(8,'Malaria','Mosquito-borne parasitic infection','Mosquito bites','Fever, chills, fatigue','Insecticide-treated bed nets, anti-malarial medication'),(9,'Dengue','Mosquito-borne viral infection','Mosquito bites','Fever, severe joint and muscle pain','Mosquito control, avoiding mosquito bites'),(10,'Chikungunya','Mosquito-borne viral infection','Mosquito bites','Fever, joint pain, rash','Mosquito control, pain management'),(11,'Hepatitis B','Liver infection caused by the Hepatitis B virus','Direct contact','Fatigue, jaundice, abdominal pain','Vaccination, safe blood transfusion practices'),(12,'Tuberculosis','Bacterial infection that primarily affects the lungs','Airborne','Cough, weight loss, night sweats','Early diagnosis, appropriate treatment'),(13,'Norovirus','Highly contagious viral infection','Contaminated food & water','Nausea, vomiting, diarrhea','Frequent handwashing, proper food hygiene'),(14,'West Nile virus','Mosquito-borne viral infection','Mosquito bites','Fever, headache, body aches','Mosquito control, wearing protective clothing'),(15,'Yellow fever','Mosquito-borne viral infection','Mosquito bites','Fever, headache, muscle pain','Vaccination, mosquito control'),(16,'Hantavirus','Rodent-borne viral infection','Airborne','Fever, muscle aches, shortness of breath','Rodent control, proper cleaning'),(17,'Lyme disease','Tick-borne bacterial infection','Tick bites','Fever, rash, fatigue','Tick prevention, tick removal techniques'),(18,'Avian influenza','Influenza A virus infection in birds','Direct contact','Fever, cough, sore throat','Proper handling and cooking of poultry'),(19,'MERS-CoV','Middle East Respiratory Syndrome coronavirus','Direct Contact','Fever, cough, shortness of breath','Hand hygiene, respiratory etiquette'),(20,'Rabies','Viral infection transmitted through animal bites','Bites from infected animals','Fever, agitation, hallucinations','Animal vaccination, post-exposure prophylaxis'),(21,'Cholera','Bacterial infection caused by Vibrio cholerae','Contaminated food & water','Severe diarrhea, vomiting','Safe water and food practices, proper sanitation'),(22,'Hepatitis C','Liver infection caused by the Hepatitis C virus','Direct contact','Fatigue, abdominal pain, jaundice','Safe blood transfusion practices, needle exchange programs'),(23,'Influenza','Viral respiratory infection','Airborne','Fever, cough, body aches','Annual vaccination, respiratory hygiene'),(24,'Zoonotic influenza','Influenza virus infections transmitted from animals to humans','Direct contact','Fever, cough, respiratory symptoms','Animal handling precautions, vaccination');
/*!40000 ALTER TABLE `viruses` ENABLE KEYS */;
UNLOCK TABLES;
/*!40103 SET TIME_ZONE=@OLD_TIME_ZONE */;

/*!40101 SET SQL_MODE=@OLD_SQL_MODE */;
/*!40014 SET FOREIGN_KEY_CHECKS=@OLD_FOREIGN_KEY_CHECKS */;
/*!40014 SET UNIQUE_CHECKS=@OLD_UNIQUE_CHECKS */;
/*!40101 SET CHARACTER_SET_CLIENT=@OLD_CHARACTER_SET_CLIENT */;
/*!40101 SET CHARACTER_SET_RESULTS=@OLD_CHARACTER_SET_RESULTS */;
/*!40101 SET COLLATION_CONNECTION=@OLD_COLLATION_CONNECTION */;
/*!40111 SET SQL_NOTES=@OLD_SQL_NOTES */;

-- Dump completed on 2023-06-20 21:58:51
